id,institucion,sigla,plataforma,sector,region,cargo,fecha_publicacion,fecha_scraped,url_oferta,url_bases,url_oferta_valida,url_bases_valida
25405,Fundación Integra,INTEGRA,Sitio propio,Ejecutivo Central,Metropolitana de Santiago,"Reemplazo Educador_a Párvulos, JI Las Vizcachitas_ Puente Alto_ RMSO",2026-06-18,2026-06-19T20:15:17.846123Z,https://login.airavirtual.com/postula/6Bvyrox8PFIQMM8BAcpP,https://login.airavirtual.com/postula/6Bvyrox8PFIQMM8BAcpP,,
25403,Fundación Integra,INTEGRA,Sitio propio,Ejecutivo Central,Metropolitana de Santiago,"PROYECTO Asistente de Párvulos Integral, JI Los Volcanes_El Bosque_RMSO",2026-06-18,2026-06-19T18:16:18.418890Z,https://login.airavirtual.com/postula/cF5AUEgzW4HK455c8fZu,https://login.airavirtual.com/postula/cF5AUEgzW4HK455c8fZu,,
25399,Fundación Integra,INTEGRA,Sitio propio,Ejecutivo Central,Metropolitana de Santiago,"Reemplazo Educador_a Párvulos, JI Las Palmas II_ El Bosque_ RMSO",2026-06-18,2026-06-19T16:16:45.660484Z,https://login.airavirtual.com/postula/CqIaOlOF3ArqJvnjdaLU,https://login.airavirtual.com/postula/CqIaOlOF3ArqJvnjdaLU,,
25398,Fundación Integra,INTEGRA,Sitio propio,Ejecutivo Central,Metropolitana de Santiago,"PROYECTO Asistente de Párvulos Integral ,segundo semestre, JI San Francisco de Asís _Las Condes_RMSO",2026-06-18,2026-06-19T16:16:44.964328Z,https://login.airavirtual.com/postula/yeeq1i7VVt1m0sJvMMWs,https://login.airavirtual.com/postula/yeeq1i7VVt1m0sJvMMWs,,
25397,Fundación Integra,INTEGRA,Sitio propio,Ejecutivo Central,Metropolitana de Santiago,"Reemplazos Educadora/or párvulos, Segundo Semestre, jardines Comuna de los Espejo, RMSO.",2026-06-18,2026-06-19T16:16:44.268441Z,https://login.airavirtual.com/postula/nfoz2vUqGYphdG0NT7YL,https://login.airavirtual.com/postula/nfoz2vUqGYphdG0NT7YL,,
25396,Fundación Integra,INTEGRA,Sitio propio,Ejecutivo Central,Metropolitana de Santiago,"Reemplazo Asistente TJMJ, JI San Francisco de Asís _Las Condes, RMSO",2026-06-18,2026-06-19T16:16:43.570280Z,https://login.airavirtual.com/postula/34dMYFiIZFsjUiGMqWMs,https://login.airavirtual.com/postula/34dMYFiIZFsjUiGMqWMs,,
25395,ENAER (Empresa Nacional de Aeronáutica),ENAER,Sitio propio,FF.AA. y Orden,Metropolitana de Santiago,Pedidor Aduanero,2026-06-19,2026-06-19T16:15:52.196956Z,https://www.enaer.cl/pdf/btrabajo/AVISO%20CONCURSO%20ABIERTO%20PEDIDOR%20ADUANERO.pdf,https://www.enaer.cl/pdf/btrabajo/AVISO%20CONCURSO%20ABIERTO%20PEDIDOR%20ADUANERO.pdf,,
25393,CODELCO — Corporación Nacional del Cobre,CODELCO,Sitio propio,Empresa del Estado,Antofagasta,Convocatoria Enfermeras/os Hospital del Cobre,2026-06-19,2026-06-19T16:14:27.492914Z,https://empleos.codelco.cl/job/Posada-Lilen-Convocatoria-Enfermerasos-Hospital-del-Cobre-2da_-1390000/1401659300/,https://empleos.codelco.cl/job/Posada-Lilen-Convocatoria-Enfermerasos-Hospital-del-Cobre-2da_-1390000/1401659300/,,
25392,Hospital Militar de Santiago,HMS,Laborum,FF.AA. y Orden,Metropolitana de Santiago,NuevoPublicado hace 5 horasANALISTA SOPORTA INFORMÁTICO-DIURNO,2026-06-19,2026-06-19T16:13:18.153676Z,https://www.laborum.cl/empleos/analista-soporta-informatico-diurno-hospital-militar-de-santiago-1118338183.html,https://www.laborum.cl/empleos/analista-soporta-informatico-diurno-hospital-militar-de-santiago-1118338183.html,,
25385,Hospital Militar de Santiago,HMS,Laborum,FF.AA. y Orden,Metropolitana de Santiago,NuevoPublicado hace 6 horasEU CLÍNICA PABELLONES QUIRÚRGICOS-DIURNO,2026-06-19,2026-06-19T14:13:42.213030Z,https://www.laborum.cl/empleos/eu-clinica-pabellones-quirurgicos-diurno-hospital-militar-de-santiago-1118338092.html,https://www.laborum.cl/empleos/eu-clinica-pabellones-quirurgicos-diurno-hospital-militar-de-santiago-1118338092.html,,
25377,Fundación Integra,INTEGRA,Sitio propio,Ejecutivo Central,Metropolitana de Santiago,"PROYECTO Asistente de Párvulos Integral, JI María Luisa Bombal_El Bosque_RMSO",2026-06-18,2026-06-18T20:15:24.055709Z,https://login.airavirtual.com/postula/4yImgVF5jcpdpDHVCUNM,https://login.airavirtual.com/postula/4yImgVF5jcpdpDHVCUNM,,
25376,Hospital Militar de Santiago,HMS,Laborum,FF.AA. y Orden,Metropolitana de Santiago,"JEFE DEPTO CONTROL ASISTENCIA, LICENCIAS MÉDICAS Y SIAPER",2026-06-19,2026-06-18T20:11:57.882826Z,https://www.laborum.cl/empleos/jefe-depto-control-asistencia-licencias-medicas-y-siaper-hospital-militar-de-santiago-1118337267.html,https://www.laborum.cl/empleos/jefe-depto-control-asistencia-licencias-medicas-y-siaper-hospital-militar-de-santiago-1118337267.html,,
25373,Fundación Integra,INTEGRA,Sitio propio,Ejecutivo Central,Metropolitana de Santiago,"Base de datos de reemplazos Segundo Semestre 2026, Auxiliar de Servicios, Comunas La Florida, Lo Espejo, La Reina, Lo Barnechea, Las Condes, Peñalolén , RMSO",2026-06-18,2026-06-18T18:14:20.213175Z,https://login.airavirtual.com/postula/twfqgXLPhN8Y0LoR66BJ,https://login.airavirtual.com/postula/twfqgXLPhN8Y0LoR66BJ,,
25367,Fundación Integra,INTEGRA,Sitio propio,Ejecutivo Central,Los Ríos,"Base de datos Asistente de TJMJ, Valdivia, Región de Los Ríos",2026-06-18,2026-06-18T16:16:50.533175Z,https://login.airavirtual.com/postula/TjpzyL1BnKu0Rq2iWUun,https://login.airavirtual.com/postula/TjpzyL1BnKu0Rq2iWUun,,
25366,Fundación Integra,INTEGRA,Sitio propio,Ejecutivo Central,Metropolitana de Santiago,"Base de datos Reemplazos Segundo Semestre 2026, Asistente de Párvulos, Comunas La Reina, Las Condes, Lo Barnechea, Fundación Integra RMSO",2026-06-18,2026-06-18T16:16:49.834482Z,https://login.airavirtual.com/postula/8KyHCzUuStRt23wbG1zU,https://login.airavirtual.com/postula/8KyHCzUuStRt23wbG1zU,,
25358,Coordinador Eléctrico Nacional,CEN,Buk (RRHH),Autónomo/Regulador,Nacional,Ingeniero Transferencias de Energía y SSCC,2026-06-19,2026-06-18T14:11:36.492370Z,https://coordinador.buk.cl/s/2vPpniby9y3bowyX,https://coordinador.buk.cl/s/2vPpniby9y3bowyX,,
25061,Tribunal Constitucional,TC,Sitio propio,Judicial,Metropolitana de Santiago,Director de Estudios,2026-03-18,2026-06-18T06:23:06.124662Z,https://www1.tribunalconstitucional.cl/pasantias-y-concurso/0617director-de-estudios-investigacion-y-documentacion/,https://www1.tribunalconstitucional.cl/pasantias-y-concurso/0617director-de-estudios-investigacion-y-documentacion/,,
25060,Tribunal Constitucional,TC,Sitio propio,Judicial,Metropolitana de Santiago,Oficial Segundo,2026-03-18,2026-06-18T06:23:05.384560Z,https://www1.tribunalconstitucional.cl/pasantias-y-concurso/1217oficial-segundo/,https://www1.tribunalconstitucional.cl/pasantias-y-concurso/1217oficial-segundo/,,
25059,Tribunal Constitucional,TC,Sitio propio,Judicial,Metropolitana de Santiago,Relator,2026-03-18,2026-06-18T06:23:04.642481Z,https://www1.tribunalconstitucional.cl/pasantias-y-concurso/0618relator/,https://www1.tribunalconstitucional.cl/pasantias-y-concurso/0618relator/,,
25058,Tribunal Constitucional,TC,Sitio propio,Judicial,Metropolitana de Santiago,Oficial Segundo,2026-03-18,2026-06-18T06:23:03.901672Z,https://www1.tribunalconstitucional.cl/pasantias-y-concurso/0719oficial-segundo/,https://www1.tribunalconstitucional.cl/pasantias-y-concurso/0719oficial-segundo/,,
25057,Tribunal Constitucional,TC,Sitio propio,Judicial,Metropolitana de Santiago,Relator,2026-03-18,2026-06-18T06:23:03.159099Z,https://www1.tribunalconstitucional.cl/pasantias-y-concurso/1019relator/,https://www1.tribunalconstitucional.cl/pasantias-y-concurso/1019relator/,,
25056,Tribunal Constitucional,TC,Sitio propio,Judicial,Metropolitana de Santiago,Director de Administración y Finanzas,2026-03-18,2026-06-18T06:23:02.418868Z,https://www1.tribunalconstitucional.cl/pasantias-y-concurso/0321director-de-administracion-y-finanzas/,https://www1.tribunalconstitucional.cl/pasantias-y-concurso/0321director-de-administracion-y-finanzas/,,
25055,Tribunal Constitucional,TC,Sitio propio,Judicial,Metropolitana de Santiago,Relator,2026-03-18,2026-06-18T06:23:01.676603Z,https://www1.tribunalconstitucional.cl/pasantias-y-concurso/0624relator/,https://www1.tribunalconstitucional.cl/pasantias-y-concurso/0624relator/,,
25054,Tribunal Constitucional,TC,Sitio propio,Judicial,Metropolitana de Santiago,Secretario(a) Abogado(a) del Tribunal Constitucional,2026-04-10,2026-06-18T06:23:00.935998Z,https://www1.tribunalconstitucional.cl/pasantias-y-concurso/secretarioa-abogadoa/,https://www1.tribunalconstitucional.cl/pasantias-y-concurso/secretarioa-abogadoa/,,
25053,Tribunal Constitucional,TC,Sitio propio,Judicial,Metropolitana de Santiago,Bases del primer torneo universitario de debate,2026-04-23,2026-06-18T06:23:00.193016Z,https://www1.tribunalconstitucional.cl/pasantias-y-concurso/bases-del-primer-torneo-universitario-de-debate/,https://www1.tribunalconstitucional.cl/pasantias-y-concurso/bases-del-primer-torneo-universitario-de-debate/,,
24755,Fundación Integra,INTEGRA,Sitio propio,Ejecutivo Central,Los Ríos,"Base de Datos Reemplazo Educadora/or de Párvulos, Mariquina/Lanco/Panguipulli, Región de Los Ríos",2026-06-17,2026-06-18T00:20:57.316420Z,https://login.airavirtual.com/postula/rl7z27D0ZZj6ZUwgGMpx,https://login.airavirtual.com/postula/rl7z27D0ZZj6ZUwgGMpx,,
24754,Fundación Integra,INTEGRA,Sitio propio,Ejecutivo Central,Atacama,"Base de Datos Reemplazos Asistente Administrativa/o, comuna Copiapó, Región de Atacama",2026-06-17,2026-06-18T00:20:56.605100Z,https://login.airavirtual.com/postula/wwarJCC42cMIF72kpZoO,https://login.airavirtual.com/postula/wwarJCC42cMIF72kpZoO,,
24753,Fundación Integra,INTEGRA,Sitio propio,Ejecutivo Central,Atacama,"Base de datos reemplazos, Auxiliar de Servicios, Comuna de Copiapó, Región de Atacama",2026-06-17,2026-06-18T00:20:55.894009Z,https://login.airavirtual.com/postula/dGzcSDCjEdKbhVQwuBn6,https://login.airavirtual.com/postula/dGzcSDCjEdKbhVQwuBn6,,
24752,Fundación Integra,INTEGRA,Sitio propio,Ejecutivo Central,Atacama,"Reemplazo Asistente Administrativa/o, JI Remanso, Localidad de El Salvador, Dirección Regional de Atacama",2026-06-17,2026-06-18T00:20:55.179915Z,https://login.airavirtual.com/postula/xnKFdQyoqpnfogw3vfnb,https://login.airavirtual.com/postula/xnKFdQyoqpnfogw3vfnb,,
24751,ENAER (Empresa Nacional de Aeronáutica),ENAER,Sitio propio,FF.AA. y Orden,Metropolitana de Santiago,Ingeniero de Proyectos,2026-06-19,2026-06-18T00:20:06.688406Z,https://www.enaer.cl/pdf/btrabajo/AVISO%20CONCURSO%20ABIERTO%20INGENIERO%20DE%20PROYECTOS-1.pdf,https://www.enaer.cl/pdf/btrabajo/AVISO%20CONCURSO%20ABIERTO%20INGENIERO%20DE%20PROYECTOS-1.pdf,,
24475,Fundación Integra,INTEGRA,Sitio propio,Ejecutivo Central,Ñuble,"Reemplazo, Técnica/o Informática/a, Dirección Regional Ñuble",2026-06-17,2026-06-17T18:21:01.668057Z,https://login.airavirtual.com/postula/e77QQw8EDAmNcfg3bjrI,https://login.airavirtual.com/postula/e77QQw8EDAmNcfg3bjrI,,
24474,Fundación Integra,INTEGRA,Sitio propio,Ejecutivo Central,Valparaíso,"Concurso Mixto, Directora, Reemplazo, JI Estrella Solitaria, Comuna de La Calera, Región de Valparaíso",2026-06-18,2026-06-17T18:20:08.611965Z,https://login.airavirtual.com/postula/A2WYY6jDlKmllolCx87k,https://login.airavirtual.com/postula/A2WYY6jDlKmllolCx87k,,
24473,Fundación Integra,INTEGRA,Sitio propio,Ejecutivo Central,Los Ríos,"Base de datos Reemplazo Auxiliar de Servicios, Valdivia, Región de los Ríos",2026-06-17,2026-06-17T18:20:07.880689Z,https://login.airavirtual.com/postula/W986SZEka8zmjrMoTSx7,https://login.airavirtual.com/postula/W986SZEka8zmjrMoTSx7,,
24472,Fundación Integra,INTEGRA,Sitio propio,Ejecutivo Central,Los Ríos,"Base de Datos Reemplazo Educadora/or de Párvulos, Valdivia, Región de Los Ríos",2026-06-17,2026-06-17T18:20:07.155010Z,https://login.airavirtual.com/postula/dzU7GUOkVg0RSduO61hX,https://login.airavirtual.com/postula/dzU7GUOkVg0RSduO61hX,,
24471,Fundación Integra,INTEGRA,Sitio propio,Ejecutivo Central,Valparaíso,"Educador/a de Párvulos, Reemplazo, JI Ayün, Comuna de La Calera, Región de Valparaíso",2026-06-17,2026-06-17T18:20:06.428290Z,https://login.airavirtual.com/postula/BZHlgFD9RuO4UoIa4J9n,https://login.airavirtual.com/postula/BZHlgFD9RuO4UoIa4J9n,,
24470,Fundación Integra,INTEGRA,Sitio propio,Ejecutivo Central,Atacama,"Base de Datos Reemplazos Asistente de Tardes de Juego en mi Jardín, comuna Copiapó, Región de Atacama",2026-06-17,2026-06-17T18:20:05.702377Z,https://login.airavirtual.com/postula/bBmDPOhwIwYWt1Fr35kQ,https://login.airavirtual.com/postula/bBmDPOhwIwYWt1Fr35kQ,,
23570,Fundación Integra,INTEGRA,Sitio propio,Ejecutivo Central,Metropolitana de Santiago,"Práctica Profesional Educadora de Párvulos, JI Región Metropolitana Suroriente",2026-06-16,2026-06-17T00:20:35.747114Z,https://login.airavirtual.com/postula/AiwgUUs0MopbrkGl0CJe,https://login.airavirtual.com/postula/AiwgUUs0MopbrkGl0CJe,,
23569,Fundación Integra,INTEGRA,Sitio propio,Ejecutivo Central,Metropolitana de Santiago,"Práctica Final Técnico en Párvulos, Región Metropolitana Sur Oriente.",2026-06-16,2026-06-17T00:20:35.020339Z,https://login.airavirtual.com/postula/UCPY85OM5xxxzd0ct5XT,https://login.airavirtual.com/postula/UCPY85OM5xxxzd0ct5XT,,
22430,Fundación Integra,INTEGRA,Sitio propio,Ejecutivo Central,Metropolitana de Santiago,"Reemplazo Asistente en Párvulos, JI Madre Teresa de Calcuta , La Pintana, RMSO",2026-06-15,2026-06-16T00:22:14.987790Z,https://login.airavirtual.com/postula/dzPvJc0XHGjqGXu85rkE,https://login.airavirtual.com/postula/dzPvJc0XHGjqGXu85rkE,,
22429,Fundación Integra,INTEGRA,Sitio propio,Ejecutivo Central,Metropolitana de Santiago,"Reemplazo Educadora/or de Párvulos Jornada Habitual, JI Madre Teresa de Calcuta, La Pintana RMSO.",2026-06-15,2026-06-16T00:22:14.276710Z,https://login.airavirtual.com/postula/iC9dP7Tqb4ZOGFJDh0ZW,https://login.airavirtual.com/postula/iC9dP7Tqb4ZOGFJDh0ZW,,
22427,FAMAE — Fábricas y Maestranzas del Ejército,FAMAE,Sitio propio,FF.AA. y Orden,Metropolitana de Santiago,Analista Control de Gestión - Talagante,2026-06-19,2026-06-16T00:19:33.026473Z,http://www.famae.cl/analista-control-de-gestion-talagante/,http://www.famae.cl/analista-control-de-gestion-talagante/,,
22424,FAMAE — Fábricas y Maestranzas del Ejército,FAMAE,Sitio propio,FF.AA. y Orden,Metropolitana de Santiago,Analista de Plan Maestro - Talagante,2026-06-19,2026-06-16T00:19:30.886990Z,http://www.famae.cl/analista-de-plan-maestro-talagante/,http://www.famae.cl/analista-de-plan-maestro-talagante/,,
22148,Fundación Integra,INTEGRA,Sitio propio,Ejecutivo Central,Metropolitana de Santiago,"Reemplazo Auxiliar de Servicios, JI Sueño de Colores, La Florida, RMSO",2026-06-15,2026-06-15T18:23:48.585585Z,https://login.airavirtual.com/postula/Uh33keIsdHXTpdcJm7nN,https://login.airavirtual.com/postula/Uh33keIsdHXTpdcJm7nN,,
22147,Fundación Integra,INTEGRA,Sitio propio,Ejecutivo Central,O'Higgins,"Reemplazo Asistente TJMJ, JI Los Retoños, Comuna Las Cabras, Dirección Regional Ohiggins",2026-06-15,2026-06-15T18:23:47.872953Z,https://login.airavirtual.com/postula/6UxkxhDowmpTyVaAZVh5,https://login.airavirtual.com/postula/6UxkxhDowmpTyVaAZVh5,,
22146,Fundación Integra,INTEGRA,Sitio propio,Ejecutivo Central,Los Ríos,"Base de Datos Regional Reemplazo, Asistente Administrativa, Los Ríos",2026-06-15,2026-06-15T18:23:46.451171Z,https://login.airavirtual.com/postula/vt3AFjDsbeC6rwbFIume,https://login.airavirtual.com/postula/vt3AFjDsbeC6rwbFIume,,
22145,Fundación Integra,INTEGRA,Sitio propio,Ejecutivo Central,Metropolitana de Santiago,"Reemplazo Asistente TJMJ, JI Santa Julia, Macul_RMSO",2026-06-16,2026-06-15T18:23:45.740509Z,https://login.airavirtual.com/postula/OnQW83LKTzzoMSZeTXIG,https://login.airavirtual.com/postula/OnQW83LKTzzoMSZeTXIG,,
22144,Fundación Integra,INTEGRA,Sitio propio,Ejecutivo Central,Valparaíso,"Proyecto Asistente de Párvulos Integral, JI POKI TANE, Comuna de Quilpué, Región de Valparaíso",2026-06-15,2026-06-15T18:23:45.027303Z,https://login.airavirtual.com/postula/ZweetBjdmMj1fHUjw6C2,https://login.airavirtual.com/postula/ZweetBjdmMj1fHUjw6C2,,
19474,Fundación Integra,INTEGRA,Sitio propio,Ejecutivo Central,Valparaíso,"Practica Laboral Técnico Jurídico, Oficina Regional Viña Del Mar",2026-06-12,2026-06-13T00:20:54.893579Z,https://login.airavirtual.com/postula/UMXdaNzvXBFvOMhlS8tz,https://login.airavirtual.com/postula/UMXdaNzvXBFvOMhlS8tz,,
19473,Fundación Integra,INTEGRA,Sitio propio,Ejecutivo Central,Valparaíso,"Reemplazo Analista, Depto. Servicio a las Personas, Dirección Regional de Valparaíso",2026-06-12,2026-06-13T00:20:54.182812Z,https://login.airavirtual.com/postula/QEXCaubqsrejEKmejDuM,https://login.airavirtual.com/postula/QEXCaubqsrejEKmejDuM,,
19472,Fundación Integra,INTEGRA,Sitio propio,Ejecutivo Central,Los Lagos,"Base de Datos Directora, Puerto Montt, Los Lagos",2026-06-12,2026-06-13T00:19:36.634185Z,https://login.airavirtual.com/postula/NzCCSD5xxUfZmBn2O9Ee,https://login.airavirtual.com/postula/NzCCSD5xxUfZmBn2O9Ee,,
19470,CODELCO — Corporación Nacional del Cobre,CODELCO,Sitio propio,Empresa del Estado,Antofagasta,Tecnólogo/a Médico/a Laboratorio y Banco de Sangre - Gerencia Hospital del Cobre,2026-06-12,2026-06-13T00:18:13.238451Z,https://empleos.codelco.cl/job/Posada-Lilen-Tecn%C3%B3logoa-M%C3%A9dicoa-Laboratorio-y-Banco-de-Sangre-Gerencia-Hospital-del-Cobre-2da_-1390000/1399556500/,https://empleos.codelco.cl/job/Posada-Lilen-Tecn%C3%B3logoa-M%C3%A9dicoa-Laboratorio-y-Banco-de-Sangre-Gerencia-Hospital-del-Cobre-2da_-1390000/1399556500/,,
19469,CODELCO — Corporación Nacional del Cobre,CODELCO,Sitio propio,Empresa del Estado,Antofagasta,Kinesiólogo/a - Gerencia Hospital del Cobre,2026-06-12,2026-06-13T00:18:12.525407Z,https://empleos.codelco.cl/job/Posada-Lilen-Kinesi%C3%B3logoa-Gerencia-Hospital-del-Cobre-2da_-1390000/1399556700/,https://empleos.codelco.cl/job/Posada-Lilen-Kinesi%C3%B3logoa-Gerencia-Hospital-del-Cobre-2da_-1390000/1399556700/,,
19224,Fundación Integra,INTEGRA,Sitio propio,Ejecutivo Central,Metropolitana de Santiago,Técnico en Párvulos. Sala Cuna Recinto Penitenciario. Rayitos de Sol. San Joaquín. Reemplazo. Invierno 2026,2026-06-14,2026-06-12T18:25:00.147042Z,https://login.airavirtual.com/postula/tbVw0oqKtcj3MDFpxhkN,https://login.airavirtual.com/postula/tbVw0oqKtcj3MDFpxhkN,,
19223,Fundación Integra,INTEGRA,Sitio propio,Ejecutivo Central,Metropolitana de Santiago,"Base datos reemplazos Educadora párvulos, jardines Renca, RMNP.",2026-06-15,2026-06-12T18:23:44.088295Z,https://login.airavirtual.com/postula/bsTlfDbrZHTjGoxQ8K1o,https://login.airavirtual.com/postula/bsTlfDbrZHTjGoxQ8K1o,,
19222,Fundación Integra,INTEGRA,Sitio propio,Ejecutivo Central,Metropolitana de Santiago,"Reemplazo de un día, Auxiliar de Servicios, Semillitas de Esperanza, comuna La Pintana, RMSO",2026-06-12,2026-06-12T18:23:43.377933Z,https://login.airavirtual.com/postula/k1OHGMYLRXX4R5KLSyLG,https://login.airavirtual.com/postula/k1OHGMYLRXX4R5KLSyLG,,
19221,Fundación Integra,INTEGRA,Sitio propio,Ejecutivo Central,Valparaíso,"Base de datos Educadora de párvulos, Reemplazo, JI Sol de Mediodía, Comuna de Los Andes, Región de Valparaíso",2026-06-12,2026-06-12T18:23:42.667237Z,https://login.airavirtual.com/postula/oGOnMC8L3M7El3gbbZG2,https://login.airavirtual.com/postula/oGOnMC8L3M7El3gbbZG2,,
18630,Fundación Integra,INTEGRA,Sitio propio,Ejecutivo Central,Biobío,"Auxiliar de Servicios para Reemplazo en Oficina Regional, Concepción, región del Bio Bio",2026-06-01,2026-06-12T06:23:40.115839Z,https://login.airavirtual.com/postula/RJfEstWHeyHzX8TARQ1g,https://login.airavirtual.com/postula/RJfEstWHeyHzX8TARQ1g,,
18629,Fundación Integra,INTEGRA,Sitio propio,Ejecutivo Central,Metropolitana de Santiago,"Concurso Interno. Reemplazo Profesional de Apoyo. Departamento Administración y Finanzas, Dirección Regional Metropolitana RMSO",2026-06-12,2026-06-12T06:23:39.420075Z,https://login.airavirtual.com/postula/Mt7yrnefmExFjBwnZd1q,https://login.airavirtual.com/postula/Mt7yrnefmExFjBwnZd1q,,
18628,Fundación Integra,INTEGRA,Sitio propio,Ejecutivo Central,Ñuble,"Concurso Interno, Técnica/o Informática/a, Dirección Regional Ñuble",2026-06-12,2026-06-12T06:23:38.723559Z,https://login.airavirtual.com/postula/4n7rM3ld52iGhRDEPTtx,https://login.airavirtual.com/postula/4n7rM3ld52iGhRDEPTtx,,
18627,Fundación Integra,INTEGRA,Sitio propio,Ejecutivo Central,Tarapacá,"Concurso Interno. Reemplazo Analista, Departamento de Cobertura y Asistencia. Oficina Regional Tarapaca.",2026-06-12,2026-06-12T06:23:38.025656Z,https://login.airavirtual.com/postula/ekaFStQZlocSedzChYed,https://login.airavirtual.com/postula/ekaFStQZlocSedzChYed,,
18626,Fundación Integra,INTEGRA,Sitio propio,Ejecutivo Central,Maule,"Reemplazos Director/a de Jardín Infantil, Comunas de la Región del Maule.",2026-03-18,2026-06-12T06:23:37.329901Z,https://login.airavirtual.com/postula/ndX6naLBi8t09wjyxrQP,https://login.airavirtual.com/postula/ndX6naLBi8t09wjyxrQP,,
18625,Fundación Integra,INTEGRA,Sitio propio,Ejecutivo Central,Tarapacá,"Base de datos Reemplazos Asistente Administrativa/o. Región de Tarapacá, Dirección Regional de Integra.",2026-03-25,2026-06-12T06:23:36.634273Z,https://login.airavirtual.com/postula/1RynqorKyIA0tidnrIQB,https://login.airavirtual.com/postula/1RynqorKyIA0tidnrIQB,,
18624,Fundación Integra,INTEGRA,Sitio propio,Ejecutivo Central,Tarapacá,"Base de Datos, Reemplazo de Asistente de Párvulos, Región de Tarapacá. Dirección Regional de Integra.",2026-03-25,2026-06-12T06:23:35.933552Z,https://login.airavirtual.com/postula/rGSTvfKVxu4W10VXpm39,https://login.airavirtual.com/postula/rGSTvfKVxu4W10VXpm39,,
18623,Fundación Integra,INTEGRA,Sitio propio,Ejecutivo Central,Tarapacá,"Base de datos para Jardines Infantiles. Auxiliar de servicios, Región de Tarapacá. Dirección regional de Integra.",2026-03-25,2026-06-12T06:23:35.237310Z,https://login.airavirtual.com/postula/1DZ6PYuEzeEFlkiokSrM,https://login.airavirtual.com/postula/1DZ6PYuEzeEFlkiokSrM,,
18622,Fundación Integra,INTEGRA,Sitio propio,Ejecutivo Central,Tarapacá,"Base de datos Reemplazos Educadora de Párvulos. Región de Tarapacá, Dirección Regional de Integra.",2026-03-25,2026-06-12T06:23:34.541147Z,https://login.airavirtual.com/postula/i72qskxvr0q9KCwRHC9T,https://login.airavirtual.com/postula/i72qskxvr0q9KCwRHC9T,,
18621,Fundación Integra,INTEGRA,Sitio propio,Ejecutivo Central,Valparaíso,"Base de datos Asistente de párvulos, Reemplazo, JI Rinconcito, Comuna Rinconada, Los Andes, Región de Valparaíso",2026-03-31,2026-06-12T06:23:33.844898Z,https://login.airavirtual.com/postula/pIzERI079QisxJCohiad,https://login.airavirtual.com/postula/pIzERI079QisxJCohiad,,
18620,Fundación Integra,INTEGRA,Sitio propio,Ejecutivo Central,Atacama,"Base de Datos Reemplazos Asistente Administrativa/o, Localidad El Salvador, Región de Atacama",2026-04-02,2026-06-12T06:23:33.148896Z,https://login.airavirtual.com/postula/Tcd7hTDG80urPhGPpjgI,https://login.airavirtual.com/postula/Tcd7hTDG80urPhGPpjgI,,
18619,Fundación Integra,INTEGRA,Sitio propio,Ejecutivo Central,Los Ríos,"Base de datos Asistente de Tarde de Juegos en Mi Jardín, Paillaco, Región de Los Ríos",2026-04-02,2026-06-12T06:23:32.452343Z,https://login.airavirtual.com/postula/yvpbe2i4RwDf8aSSszEH,https://login.airavirtual.com/postula/yvpbe2i4RwDf8aSSszEH,,
18618,Fundación Integra,INTEGRA,Sitio propio,Ejecutivo Central,Atacama,"Base de Datos Reemplazos Asistente de Párvulos, comuna Copiapó, Región de Atacama",2026-04-08,2026-06-12T06:23:31.755532Z,https://login.airavirtual.com/postula/NmiadEMobjjR91q6CaU5,https://login.airavirtual.com/postula/NmiadEMobjjR91q6CaU5,,
18617,Fundación Integra,INTEGRA,Sitio propio,Ejecutivo Central,Atacama,"Base de Datos Reemplazos Educadora/or de Párvulos, comuna Copiapó, Región de Atacama",2026-04-08,2026-06-12T06:23:31.058414Z,https://login.airavirtual.com/postula/3sbzwcRUJEarZyuNIwZi,https://login.airavirtual.com/postula/3sbzwcRUJEarZyuNIwZi,,
18616,Fundación Integra,INTEGRA,Sitio propio,Ejecutivo Central,Metropolitana de Santiago,"Base de Datos, Reemplazo Educadora de Párvulos, comuna de Recoleta, RMNP.",2026-04-10,2026-06-12T06:23:30.362720Z,https://login.airavirtual.com/postula/EOOLWGEx7CKf7tRCQnKK,https://login.airavirtual.com/postula/EOOLWGEx7CKf7tRCQnKK,,
18615,Fundación Integra,INTEGRA,Sitio propio,Ejecutivo Central,Metropolitana de Santiago,"Reemplazo Educadora/or de Párvulos, JI Runa Kay, Lampa Batuco, RMNP",2026-04-14,2026-06-12T06:23:29.667061Z,https://login.airavirtual.com/postula/aYQfKiGU1Q6a5XUxDamZ,https://login.airavirtual.com/postula/aYQfKiGU1Q6a5XUxDamZ,,
18614,Fundación Integra,INTEGRA,Sitio propio,Ejecutivo Central,Metropolitana de Santiago,"Reemplazo Educadora/or de Párvulos, JI Tiramisú, Lampa, RMNP",2026-04-14,2026-06-12T06:23:28.969105Z,https://login.airavirtual.com/postula/NsGo8UrPpqt4Jx3g2u8n,https://login.airavirtual.com/postula/NsGo8UrPpqt4Jx3g2u8n,,
18613,Fundación Integra,INTEGRA,Sitio propio,Ejecutivo Central,Metropolitana de Santiago,"Reemplazo Educadora/or de Párvulos, JI Tremun Kiñerum, Colina, RMNP",2026-04-14,2026-06-12T06:23:28.273185Z,https://login.airavirtual.com/postula/h4LoWcapI0UZFQjK6m6d,https://login.airavirtual.com/postula/h4LoWcapI0UZFQjK6m6d,,
18612,Fundación Integra,INTEGRA,Sitio propio,Ejecutivo Central,Valparaíso,"Asistente de Párvulos Integral, Proyecto, JI Los Gorriones, Comuna de Villa Alemana, Región de Valparaíso",2026-04-14,2026-06-12T06:23:27.576012Z,https://login.airavirtual.com/postula/mbwNqg3WILb15KT78sqx,https://login.airavirtual.com/postula/mbwNqg3WILb15KT78sqx,,
18611,Fundación Integra,INTEGRA,Sitio propio,Ejecutivo Central,Valparaíso,"Asistente de Párvulos Integral, Proyecto, JI Quillay, Comuna de Villa Alemana, Región de Valparaíso",2026-04-15,2026-06-12T06:23:26.876119Z,https://login.airavirtual.com/postula/gCcfOUK3IbMPUYMgoxnO,https://login.airavirtual.com/postula/gCcfOUK3IbMPUYMgoxnO,,
18610,Fundación Integra,INTEGRA,Sitio propio,Ejecutivo Central,Los Ríos,"Base de datos Reemplazos Asistente de Tarde de Juegos, Mariquina, Región de Los Ríos",2026-04-17,2026-06-12T06:23:26.180067Z,https://login.airavirtual.com/postula/NpVtMTUnYuVukOKpvFhX,https://login.airavirtual.com/postula/NpVtMTUnYuVukOKpvFhX,,
18609,Fundación Integra,INTEGRA,Sitio propio,Ejecutivo Central,La Araucanía,"Base de datos Reemplazos Educadora/or/ de párvulos, Dirección regional de La Araucanía",2026-04-18,2026-06-12T06:23:25.484435Z,https://login.airavirtual.com/postula/8Ci5DArKYTaxwmkIgTzJ,https://login.airavirtual.com/postula/8Ci5DArKYTaxwmkIgTzJ,,
18608,Fundación Integra,INTEGRA,Sitio propio,Ejecutivo Central,La Araucanía,"Base de datos Reemplazos Asistente de párvulos, Dirección regional de La Araucanía",2026-04-18,2026-06-12T06:23:24.787302Z,https://login.airavirtual.com/postula/9P09zIKpHlvRvdb5DSNP,https://login.airavirtual.com/postula/9P09zIKpHlvRvdb5DSNP,,
18607,Fundación Integra,INTEGRA,Sitio propio,Ejecutivo Central,La Araucanía,"Base de datos Reemplazos Asistente TJMJ, Dirección regional de La Araucanía",2026-04-18,2026-06-12T06:23:24.090769Z,https://login.airavirtual.com/postula/hB6j5YLm6QBKMBjf0DbQ,https://login.airavirtual.com/postula/hB6j5YLm6QBKMBjf0DbQ,,
18606,Fundación Integra,INTEGRA,Sitio propio,Ejecutivo Central,La Araucanía,"Base de datos Reemplazos Auxiliar de servicios, Dirección regional de La Araucanía",2026-04-18,2026-06-12T06:23:23.394362Z,https://login.airavirtual.com/postula/3LfGfcP9AEM9KSHASXEw,https://login.airavirtual.com/postula/3LfGfcP9AEM9KSHASXEw,,
18605,Fundación Integra,INTEGRA,Sitio propio,Ejecutivo Central,Antofagasta,"Reemplazo Directora/or, JI Parinitas, Comuna Peine, Dirección Regional Antofagasta",2026-04-20,2026-06-12T06:23:22.697501Z,https://login.airavirtual.com/postula/UFySvA1rFXQsJHey1Luw,https://login.airavirtual.com/postula/UFySvA1rFXQsJHey1Luw,,
18604,Fundación Integra,INTEGRA,Sitio propio,Ejecutivo Central,Metropolitana de Santiago,"Base de Datos Reemplazo Asistente Tardes de Juegos en Mi Jardín, comuna de Recoleta, RMNP",2026-04-20,2026-06-12T06:23:22.000406Z,https://login.airavirtual.com/postula/kHpadLGzuSlYik4hfcQs,https://login.airavirtual.com/postula/kHpadLGzuSlYik4hfcQs,,
18603,Fundación Integra,INTEGRA,Sitio propio,Ejecutivo Central,Metropolitana de Santiago,"Reemplazo Asistente TJMJ, JI Bettemburgo, Huechuraba, RMNP.",2026-04-20,2026-06-12T06:23:21.304179Z,https://login.airavirtual.com/postula/mUA0ZmMzj9pjDpWMnpHH,https://login.airavirtual.com/postula/mUA0ZmMzj9pjDpWMnpHH,,
18602,Fundación Integra,INTEGRA,Sitio propio,Ejecutivo Central,Maule,"Base de Datos Reemplazos de Educadora, comuna de Pelluhue y Chanco, Región del Maule",2026-04-20,2026-06-12T06:23:20.608603Z,https://login.airavirtual.com/postula/ICa5u7TkbkDoZqh9uhuk,https://login.airavirtual.com/postula/ICa5u7TkbkDoZqh9uhuk,,
18601,Fundación Integra,INTEGRA,Sitio propio,Ejecutivo Central,Antofagasta,"Reemplazo Auxiliar de Servicios, JI Flor del Desierto, Comuna Sierra Gorda, Dirección Regional Antofagasta",2026-04-24,2026-06-12T06:23:19.913007Z,https://login.airavirtual.com/postula/ScM03UpHAWvTl0zIy50W,https://login.airavirtual.com/postula/ScM03UpHAWvTl0zIy50W,,
18600,Fundación Integra,INTEGRA,Sitio propio,Ejecutivo Central,Aysén,"Base de datos, Reemplazo Asistente Administrativo/a, JI Lobito Marino, Comuna Guaitecas, Región Aysén",2026-04-27,2026-06-12T06:23:19.216065Z,https://login.airavirtual.com/postula/5sxyCq2D6i4Blg5dqMtW,https://login.airavirtual.com/postula/5sxyCq2D6i4Blg5dqMtW,,
18599,Fundación Integra,INTEGRA,Sitio propio,Ejecutivo Central,Metropolitana de Santiago,"Reemplazo Asistente de Párvulos Jornada Habitual, JI Mi Campito, Colina, RMNP.",2026-04-28,2026-06-12T06:23:18.520178Z,https://login.airavirtual.com/postula/oCWxpxL473cNkv6dlYsU,https://login.airavirtual.com/postula/oCWxpxL473cNkv6dlYsU,,
18598,Fundación Integra,INTEGRA,Sitio propio,Ejecutivo Central,Valparaíso,"Base de datos, Asistente Tardes de Juego en mi Jardín, JI Clavelito, Comuna de Hijuelas, Región de Valparaíso",2026-04-29,2026-06-12T06:23:17.823314Z,https://login.airavirtual.com/postula/K08s13elWtnxEyeMWiJG,https://login.airavirtual.com/postula/K08s13elWtnxEyeMWiJG,,
18597,Fundación Integra,INTEGRA,Sitio propio,Ejecutivo Central,Valparaíso,"Base de datos, Asistente de Tardes de juego, JI Rinconcito, Comuna de Rinconada, Región de Valparaíso",2026-04-29,2026-06-12T06:23:17.124415Z,https://login.airavirtual.com/postula/vomx12VjsWiYYg41ENJY,https://login.airavirtual.com/postula/vomx12VjsWiYYg41ENJY,,
18596,Fundación Integra,INTEGRA,Sitio propio,Ejecutivo Central,Coquimbo,"Reemplazo Educador/a de Párvulos, JI Rayitos del Mirador, Illapel IV Región",2026-04-30,2026-06-12T06:23:16.427394Z,https://login.airavirtual.com/postula/KsZAJ5Qxehw3RWO86biN,https://login.airavirtual.com/postula/KsZAJ5Qxehw3RWO86biN,,
18595,Fundación Integra,INTEGRA,Sitio propio,Ejecutivo Central,Metropolitana de Santiago,"Base de Datos Asistente de Párvulos, Jardines Infantiles, Comuna de San Pedro, RMNP",2026-05-04,2026-06-12T06:23:15.731917Z,https://login.airavirtual.com/postula/MEPvcFAjngq8MtVDKwT6,https://login.airavirtual.com/postula/MEPvcFAjngq8MtVDKwT6,,
18594,Fundación Integra,INTEGRA,Sitio propio,Ejecutivo Central,Aysén,"Base de Datos Asistente de Párvulos, JI Tía Nora, Comuna Cisnes, Región Aysén",2026-05-04,2026-06-12T06:23:15.036037Z,https://login.airavirtual.com/postula/pp5DnlCL3Sdmb9KKNb6A,https://login.airavirtual.com/postula/pp5DnlCL3Sdmb9KKNb6A,,
18593,Fundación Integra,INTEGRA,Sitio propio,Ejecutivo Central,La Araucanía,"Base de datos Asistente TJMJ, JI Papelucho, Loncoche, Dirección Regional de La Araucanía",2026-05-06,2026-06-12T06:23:14.340155Z,https://login.airavirtual.com/postula/7YRAeoBwLjS6aToRdeKk,https://login.airavirtual.com/postula/7YRAeoBwLjS6aToRdeKk,,
18592,Fundación Integra,INTEGRA,Sitio propio,Ejecutivo Central,Aysén,"Base Datos Educadora/or de Párvulos, JI Los Pioneros, Cochrane, Región Aysén",2026-05-05,2026-06-12T06:23:13.643570Z,https://login.airavirtual.com/postula/NCktjDqI7iW6h1sWmUlb,https://login.airavirtual.com/postula/NCktjDqI7iW6h1sWmUlb,,
18591,Fundación Integra,INTEGRA,Sitio propio,Ejecutivo Central,Coquimbo,"Concurso Mixto Reemplazo Asistente Administrativa/o, JI Carita de Luna, Coquimbo IV Región",2026-05-06,2026-06-12T06:23:12.946551Z,https://login.airavirtual.com/postula/8zGswY7g1zf9algJBmHE,https://login.airavirtual.com/postula/8zGswY7g1zf9algJBmHE,,
18590,Fundación Integra,INTEGRA,Sitio propio,Ejecutivo Central,Metropolitana de Santiago,"Auxiliar de Servicios, Reemplazo, JI Los Cachorritos, Colina, RMNP.",2026-05-08,2026-06-12T06:23:12.250242Z,https://login.airavirtual.com/postula/FJjPbFmP1wSsrCMubITZ,https://login.airavirtual.com/postula/FJjPbFmP1wSsrCMubITZ,,
18589,Fundación Integra,INTEGRA,Sitio propio,Ejecutivo Central,Metropolitana de Santiago,"Reemplazo Asistente TJMJ, JI Runa Kay, Lampa, RMNP.",2026-05-08,2026-06-12T06:23:11.554555Z,https://login.airavirtual.com/postula/6XtPOQQDfV5dfRRIXj6C,https://login.airavirtual.com/postula/6XtPOQQDfV5dfRRIXj6C,,
18588,Fundación Integra,INTEGRA,Sitio propio,Ejecutivo Central,Antofagasta,"Reemplazo Asistente de Párvulos, JI Parinitas, Comuna Peine, Dirección Regional Antofagasta",2026-05-11,2026-06-12T06:23:10.859225Z,https://login.airavirtual.com/postula/EPLxQKM32TuVuDcdXfVE,https://login.airavirtual.com/postula/EPLxQKM32TuVuDcdXfVE,,
18587,Fundación Integra,INTEGRA,Sitio propio,Ejecutivo Central,Metropolitana de Santiago,Base de Datos Reemplazo Educador/a de Párvulos Jornada Habitual. Comuna de Peñalolén,2026-05-13,2026-06-12T06:23:10.163678Z,https://login.airavirtual.com/postula/y8VYZqDKRSeVcQA7ekAH,https://login.airavirtual.com/postula/y8VYZqDKRSeVcQA7ekAH,,
18586,Fundación Integra,INTEGRA,Sitio propio,Ejecutivo Central,Metropolitana de Santiago,"Base de Datos Reemplazo Asistente de Párvulos, Comuna de Peñalolén.",2026-05-13,2026-06-12T06:23:09.467246Z,https://login.airavirtual.com/postula/FhzCm2adVbPdSrgqMUAm,https://login.airavirtual.com/postula/FhzCm2adVbPdSrgqMUAm,,
18585,Fundación Integra,INTEGRA,Sitio propio,Ejecutivo Central,Los Lagos,"Base de Reemplazo Asistente de Párvulos Jardin Infantil Santa Rosa Quellon Sector Rural, Region de Los Lagos.",2026-05-12,2026-06-12T06:23:08.767900Z,https://login.airavirtual.com/postula/C7cAHiv8X18cUS54m9E3,https://login.airavirtual.com/postula/C7cAHiv8X18cUS54m9E3,,
18584,Fundación Integra,INTEGRA,Sitio propio,Ejecutivo Central,Metropolitana de Santiago,"Asistente de Tardes de Juego en mi Jardín, Base de Datos Reemplazos, Comuna de Peñalolén.",2026-05-13,2026-06-12T06:23:08.071932Z,https://login.airavirtual.com/postula/NENqOsHhoqAPrPs3s61R,https://login.airavirtual.com/postula/NENqOsHhoqAPrPs3s61R,,
18583,Fundación Integra,INTEGRA,Sitio propio,Ejecutivo Central,Metropolitana de Santiago,"Reemplazo Base de Datos, Auxiliar de Servicios, Jardines Comuna de Peñalolén, RMSO",2026-05-13,2026-06-12T06:23:07.375686Z,https://login.airavirtual.com/postula/tIA953Pk2EDZcdkBeoyt,https://login.airavirtual.com/postula/tIA953Pk2EDZcdkBeoyt,,
18582,Fundación Integra,INTEGRA,Sitio propio,Ejecutivo Central,Coquimbo,"Practica Educadora de Parvulos, JI Provincias de Elqui, Limari y Choapa, Coquimbo IV región",2026-05-12,2026-06-12T06:23:06.679339Z,https://login.airavirtual.com/postula/VPde2PezCOhyHWrP89ha,https://login.airavirtual.com/postula/VPde2PezCOhyHWrP89ha,,
18581,Fundación Integra,INTEGRA,Sitio propio,Ejecutivo Central,Metropolitana de Santiago,Base de Datos Reemplazo Educador/a de Párvulos Jornada Habitual / Comuna de San Joaquín,2026-05-13,2026-06-12T06:23:05.983405Z,https://login.airavirtual.com/postula/OvxunyCAE5q1PoeM86H5,https://login.airavirtual.com/postula/OvxunyCAE5q1PoeM86H5,,
18580,Fundación Integra,INTEGRA,Sitio propio,Ejecutivo Central,Metropolitana de Santiago,"Base de Datos Reemplazo Asistente de Párvulos, Comuna de San Joaquín.",2026-05-13,2026-06-12T06:23:05.285045Z,https://login.airavirtual.com/postula/7fCWN4Se7AFh335GZloQ,https://login.airavirtual.com/postula/7fCWN4Se7AFh335GZloQ,,
18579,Fundación Integra,INTEGRA,Sitio propio,Ejecutivo Central,Metropolitana de Santiago,"Asistente de Tardes de Juego en mi Jardín, Base de Datos Reemplazos, Comuna de San Joaquín.",2026-05-13,2026-06-12T06:23:04.587038Z,https://login.airavirtual.com/postula/9p6zJ2bpTP06SW7naa5w,https://login.airavirtual.com/postula/9p6zJ2bpTP06SW7naa5w,,
18578,Fundación Integra,INTEGRA,Sitio propio,Ejecutivo Central,Metropolitana de Santiago,"Reemplazo Base de Datos, Auxiliar de Servicios, Jardines Comuna de San Joaquín, RMSO",2026-05-13,2026-06-12T06:23:03.891132Z,https://login.airavirtual.com/postula/vBkwH5bHfnnH2zfQu5th,https://login.airavirtual.com/postula/vBkwH5bHfnnH2zfQu5th,,
18577,Fundación Integra,INTEGRA,Sitio propio,Ejecutivo Central,Metropolitana de Santiago,Base de Datos Reemplazo Educador/a de Párvulos Jornada Habitual / Comuna de La Granja,2026-05-13,2026-06-12T06:23:03.194940Z,https://login.airavirtual.com/postula/PXQsUMviF4O0yB0olIU3,https://login.airavirtual.com/postula/PXQsUMviF4O0yB0olIU3,,
18576,Fundación Integra,INTEGRA,Sitio propio,Ejecutivo Central,Metropolitana de Santiago,"Base de Datos Reemplazo Asistente de Párvulos, Comuna de La Granja.",2026-05-13,2026-06-12T06:23:02.497716Z,https://login.airavirtual.com/postula/Gca6TgHUwmYyYyQS3Ul9,https://login.airavirtual.com/postula/Gca6TgHUwmYyYyQS3Ul9,,
18575,Fundación Integra,INTEGRA,Sitio propio,Ejecutivo Central,Metropolitana de Santiago,"Asistente de Tardes de Juego en mi Jardín, Base de Datos Reemplazos, Comuna de La Granja",2026-05-13,2026-06-12T06:23:01.797796Z,https://login.airavirtual.com/postula/OujSK1cRRcgELdO66Csf,https://login.airavirtual.com/postula/OujSK1cRRcgELdO66Csf,,
18574,Fundación Integra,INTEGRA,Sitio propio,Ejecutivo Central,Metropolitana de Santiago,"Reemplazo Base de Datos, Auxiliar de Servicios, Jardines Comuna de La Granja, RMSO",2026-05-13,2026-06-12T06:23:01.101512Z,https://login.airavirtual.com/postula/6FBnlRVEFtVYMktuAMwA,https://login.airavirtual.com/postula/6FBnlRVEFtVYMktuAMwA,,
18573,Fundación Integra,INTEGRA,Sitio propio,Ejecutivo Central,Metropolitana de Santiago,Base de Datos Reemplazo Educador/a de Párvulos Jornada Habitual / Comuna de San Miguel,2026-05-13,2026-06-12T06:23:00.404475Z,https://login.airavirtual.com/postula/Ppxv7V0KnjQWxa55rPVu,https://login.airavirtual.com/postula/Ppxv7V0KnjQWxa55rPVu,,
18572,Fundación Integra,INTEGRA,Sitio propio,Ejecutivo Central,Metropolitana de Santiago,"Base de Datos Reemplazo Asistente de Párvulos, Comuna de San Miguel.",2026-05-13,2026-06-12T06:22:59.708937Z,https://login.airavirtual.com/postula/nqrw8XBBNHLM3XEceV6s,https://login.airavirtual.com/postula/nqrw8XBBNHLM3XEceV6s,,
18571,Fundación Integra,INTEGRA,Sitio propio,Ejecutivo Central,Metropolitana de Santiago,"Asistente de Tardes de Juego en mi Jardín, Base de Datos Reemplazos, Comuna de San Miguel.",2026-05-13,2026-06-12T06:22:59.012894Z,https://login.airavirtual.com/postula/856lQiupJXpuDMVNuGmm,https://login.airavirtual.com/postula/856lQiupJXpuDMVNuGmm,,
18570,Fundación Integra,INTEGRA,Sitio propio,Ejecutivo Central,Metropolitana de Santiago,"Reemplazo Base de Datos, Auxiliar de Servicios, Jardines Comuna de San Miguel, RMSO",2026-05-13,2026-06-12T06:22:58.316373Z,https://login.airavirtual.com/postula/eBA47wQysO8EIDJ3h0P0,https://login.airavirtual.com/postula/eBA47wQysO8EIDJ3h0P0,,
18569,Fundación Integra,INTEGRA,Sitio propio,Ejecutivo Central,Metropolitana de Santiago,"Base de Datos. Reemplazos de Educadora de Párvulos, Ñuñoa, Jornada Habitual.",2026-05-13,2026-06-12T06:22:57.618813Z,https://login.airavirtual.com/postula/ZWGR4gBL1DYhbmHzEArP,https://login.airavirtual.com/postula/ZWGR4gBL1DYhbmHzEArP,,
18568,Fundación Integra,INTEGRA,Sitio propio,Ejecutivo Central,Metropolitana de Santiago,Base de Datos. Reemplazo. Asistente de Párvulos Jornada Habitual. Ñuñoa.,2026-05-13,2026-06-12T06:22:56.920520Z,https://login.airavirtual.com/postula/mj7e8WXrhrqP7nkWyJXk,https://login.airavirtual.com/postula/mj7e8WXrhrqP7nkWyJXk,,
18567,Fundación Integra,INTEGRA,Sitio propio,Ejecutivo Central,Metropolitana de Santiago,Base de Datos. Asistente de Tardes de Juego en mi Jardín. Ñuñoa. Reemplazos.,2026-05-13,2026-06-12T06:22:56.224600Z,https://login.airavirtual.com/postula/NfjrfNBxMhKWuYkE7tTB,https://login.airavirtual.com/postula/NfjrfNBxMhKWuYkE7tTB,,
18566,Fundación Integra,INTEGRA,Sitio propio,Ejecutivo Central,Metropolitana de Santiago,"Reemplazo Base de Datos, Auxiliar de Servicios, Jardines Comuna de Ñuñoa, RMSO",2026-05-13,2026-06-12T06:22:55.528647Z,https://login.airavirtual.com/postula/MUCYpD4sWuqQzcffPOk7,https://login.airavirtual.com/postula/MUCYpD4sWuqQzcffPOk7,,
18565,Fundación Integra,INTEGRA,Sitio propio,Ejecutivo Central,Atacama,"Base de Datos Reemplazos Auxiliar de Servicios, Localidad de El Salvador, Región de Atacama",2026-05-12,2026-06-12T06:22:54.832662Z,https://login.airavirtual.com/postula/1oz35C1OEHmZmO7hOUam,https://login.airavirtual.com/postula/1oz35C1OEHmZmO7hOUam,,
18564,Fundación Integra,INTEGRA,Sitio propio,Ejecutivo Central,Los Lagos,"Reemplazo Educadora de Parvulos, Comuna de Calbuco, Region de Los Lagos",2026-05-13,2026-06-12T06:22:54.137046Z,https://login.airavirtual.com/postula/08NUgPI81qu3GIv6WcUY,https://login.airavirtual.com/postula/08NUgPI81qu3GIv6WcUY,,
18563,Fundación Integra,INTEGRA,Sitio propio,Ejecutivo Central,Metropolitana de Santiago,"Base de Datos, Reemplazo Educadora de Párvulos, comuna de Maipú, RMNP.",2026-05-14,2026-06-12T06:22:53.440879Z,https://login.airavirtual.com/postula/Y7Q6UOBOxJihoFeAj06a,https://login.airavirtual.com/postula/Y7Q6UOBOxJihoFeAj06a,,
18562,Fundación Integra,INTEGRA,Sitio propio,Ejecutivo Central,Metropolitana de Santiago,"Reemplazo Auxiliar de Servicios, Jardín Infantil comuna de Quilicura, RMNP",2026-05-14,2026-06-12T06:22:52.745120Z,https://login.airavirtual.com/postula/aBe8OtTWmS95iaRuJyXE,https://login.airavirtual.com/postula/aBe8OtTWmS95iaRuJyXE,,
18561,Fundación Integra,INTEGRA,Sitio propio,Ejecutivo Central,Metropolitana de Santiago,Reemplazo Auxiliar de servicios. Jardín Infantil Mi mundo feliz. Estación central.,2026-05-14,2026-06-12T06:22:52.049321Z,https://login.airavirtual.com/postula/i36fjJwtRDa8he6wKQsq,https://login.airavirtual.com/postula/i36fjJwtRDa8he6wKQsq,,
18560,Fundación Integra,INTEGRA,Sitio propio,Ejecutivo Central,Metropolitana de Santiago,"Base de Datos Reemplazo Educadora/or de Párvulos, JISC Albalalhue, Comuna de Alhué, RMNP",2026-05-14,2026-06-12T06:22:51.352407Z,https://login.airavirtual.com/postula/TIZWEK5VpMMakYxxfNMB,https://login.airavirtual.com/postula/TIZWEK5VpMMakYxxfNMB,,
18559,Fundación Integra,INTEGRA,Sitio propio,Ejecutivo Central,Aysén,"Concurso Mixto Reemplazo Asistente de Párvulos, JI Los Cipreses, Puerto Aguirre, Región Aysén",2026-05-15,2026-06-12T06:22:50.656753Z,https://login.airavirtual.com/postula/m7i9zsrUESQt1yEJKkPK,https://login.airavirtual.com/postula/m7i9zsrUESQt1yEJKkPK,,
18558,Fundación Integra,INTEGRA,Sitio propio,Ejecutivo Central,Metropolitana de Santiago,Reemplazos Asistente de Párvulos Jornada Habitual. Jardín Infantil Comuna de Tiltil. RMNP.,2026-05-15,2026-06-12T06:22:49.961495Z,https://login.airavirtual.com/postula/F7aCft0Cz8z04iS01Hpb,https://login.airavirtual.com/postula/F7aCft0Cz8z04iS01Hpb,,
18557,Fundación Integra,INTEGRA,Sitio propio,Ejecutivo Central,Ñuble,"Base de Datos, Educadora de Párvulos, Comuna de Coelemu, Dirección Regional Ñuble",2026-05-18,2026-06-12T06:22:49.265211Z,https://login.airavirtual.com/postula/8CzkeD4bHJLOGSMiMQXF,https://login.airavirtual.com/postula/8CzkeD4bHJLOGSMiMQXF,,
18556,Fundación Integra,INTEGRA,Sitio propio,Ejecutivo Central,Metropolitana de Santiago,Base de Datos Reemplazo de Asistente Administrativa. JI Pelluquitos. Comuna de San Pedro. Región Metropolitana Norponiente.,2026-05-18,2026-06-12T06:22:48.568479Z,https://login.airavirtual.com/postula/vB6YwUS5QtSKdMuhuDGF,https://login.airavirtual.com/postula/vB6YwUS5QtSKdMuhuDGF,,
18555,Fundación Integra,INTEGRA,Sitio propio,Ejecutivo Central,Metropolitana de Santiago,"Asistente de Párvulos, Jornada de 6 horas, Programa Vacaciones en Mi Jardín, JI Estación Multicolor, comuna de Estación Central, RMNP.",2026-05-18,2026-06-12T06:22:47.869509Z,https://login.airavirtual.com/postula/ltULAaRMzqoOO3MoKcqe,https://login.airavirtual.com/postula/ltULAaRMzqoOO3MoKcqe,,
18554,Fundación Integra,INTEGRA,Sitio propio,Ejecutivo Central,Magallanes,"Base de Datos Reemplazo de Educador/a de Párvulos, JI y SC, Puerto Natales, Integra Magallanes y Antártica Chilena",2026-05-19,2026-06-12T06:22:47.173364Z,https://login.airavirtual.com/postula/huYncGnpCUjK11oFcgSH,https://login.airavirtual.com/postula/huYncGnpCUjK11oFcgSH,,
18553,Fundación Integra,INTEGRA,Sitio propio,Ejecutivo Central,Magallanes,"Base de Datos para Reemplazo de Asistente de Párvulos, JI y SC, Puerto Natales, Integra Magallanes y la Antártica Chilena",2026-05-19,2026-06-12T06:22:46.477427Z,https://login.airavirtual.com/postula/HApNb8BWPBNEj1inclXO,https://login.airavirtual.com/postula/HApNb8BWPBNEj1inclXO,,
18552,Fundación Integra,INTEGRA,Sitio propio,Ejecutivo Central,Tarapacá,"Base de datos Asistente de Párvulos, Comunas de Iquique y Alto Hospicio, Dirección Regional de Tarapacá",2026-05-19,2026-06-12T06:22:45.781537Z,https://login.airavirtual.com/postula/YI03CIGRwUUIi4ODqHVv,https://login.airavirtual.com/postula/YI03CIGRwUUIi4ODqHVv,,
18551,Fundación Integra,INTEGRA,Sitio propio,Ejecutivo Central,Metropolitana de Santiago,"Base de Datos Reemplazo Asistente de Párvulos, Jardín Infantil Marta Ross, Comuna de Recoleta, RMNP",2026-05-19,2026-06-12T06:22:45.085865Z,https://login.airavirtual.com/postula/rDfzt3a2nST8KxtD8fh5,https://login.airavirtual.com/postula/rDfzt3a2nST8KxtD8fh5,,
18550,Fundación Integra,INTEGRA,Sitio propio,Ejecutivo Central,Metropolitana de Santiago,"Reemplazo Auxiliar de Servicios TJMJ, JI Papelucho, Renca, RMNP.",2026-05-19,2026-06-12T06:22:44.390222Z,https://login.airavirtual.com/postula/JPR78E7kW2W4R04qNRJb,https://login.airavirtual.com/postula/JPR78E7kW2W4R04qNRJb,,
18549,Fundación Integra,INTEGRA,Sitio propio,Ejecutivo Central,Metropolitana de Santiago,"Auxiliar de servicios, Jornada de 9 hrs., Programa Vacaciones en Mi Jardín, JI Estación Multicolor, comuna de Estación Central, RMNP.",2026-05-19,2026-06-12T06:22:43.694555Z,https://login.airavirtual.com/postula/OT0ptmRm6It1VP4gXERU,https://login.airavirtual.com/postula/OT0ptmRm6It1VP4gXERU,,
18548,Fundación Integra,INTEGRA,Sitio propio,Ejecutivo Central,Valparaíso,"Reemplazo Educadora de Párvulos, JI Kan Uiqu, Comuna de San Esteban",2026-05-19,2026-06-12T06:22:42.997769Z,https://login.airavirtual.com/postula/N3m3wz1o90sRWwsmialE,https://login.airavirtual.com/postula/N3m3wz1o90sRWwsmialE,,
18547,Fundación Integra,INTEGRA,Sitio propio,Ejecutivo Central,Antofagasta,"Reemplazo Interno Directora, JI Los Pulpitos Regalones, Ciudad Antofagasta, Dirección Regional Antofagasta",2026-05-25,2026-06-12T06:22:42.301803Z,https://login.airavirtual.com/postula/2h4OwHzr6qMRecx2IMbO,https://login.airavirtual.com/postula/2h4OwHzr6qMRecx2IMbO,,
18546,Fundación Integra,INTEGRA,Sitio propio,Ejecutivo Central,Metropolitana de Santiago,"Reemplazo Auxiliar de Servicios, JI Sonrisa de Miel, Colina, RMNP.",2026-05-26,2026-06-12T06:22:41.605557Z,https://login.airavirtual.com/postula/vjzUVEsB0L8X4dE7fivd,https://login.airavirtual.com/postula/vjzUVEsB0L8X4dE7fivd,,
18545,Fundación Integra,INTEGRA,Sitio propio,Ejecutivo Central,Metropolitana de Santiago,"Reemplazo Educadora/or de Párvulos TJMJ, JI Cajita de Sorpresas, Quilicura, RMNP.",2026-05-25,2026-06-12T06:22:40.910045Z,https://login.airavirtual.com/postula/dCNme4gHiwy3wetftjEY,https://login.airavirtual.com/postula/dCNme4gHiwy3wetftjEY,,
18544,Fundación Integra,INTEGRA,Sitio propio,Ejecutivo Central,La Araucanía,"Base de datos Asistente TJMJ, JI Villa Austral, Temuco, Dirección Regional de La Araucanía",2026-05-25,2026-06-12T06:22:40.207106Z,https://login.airavirtual.com/postula/cLKloedJalr2SaqAFxgZ,https://login.airavirtual.com/postula/cLKloedJalr2SaqAFxgZ,,
18543,Fundación Integra,INTEGRA,Sitio propio,Ejecutivo Central,Metropolitana de Santiago,"Programa Vacaciones en Mi Jardín. Educadora/or de Párvulos JI Estación Multicolor, Estación Central, RMNP",2026-05-26,2026-06-12T06:22:39.511106Z,https://login.airavirtual.com/postula/FiJ9RCcXnJ138AX9UlWK,https://login.airavirtual.com/postula/FiJ9RCcXnJ138AX9UlWK,,
18542,Fundación Integra,INTEGRA,Sitio propio,Ejecutivo Central,O'Higgins,"Reemplazo Asistente de Párvulos, JI Los Naranjitos, Comuna Nancagua, Región de Ohiggins",2026-05-27,2026-06-12T06:22:38.814505Z,https://login.airavirtual.com/postula/izlpc1yEG8sYgHQ0iTUp,https://login.airavirtual.com/postula/izlpc1yEG8sYgHQ0iTUp,,
18541,Fundación Integra,INTEGRA,Sitio propio,Ejecutivo Central,Metropolitana de Santiago,"Reemplazo Asistente TJMJ, JI San Francisco de Asís _Las Condes, RMSO",2026-05-28,2026-06-12T06:22:38.118882Z,https://login.airavirtual.com/postula/LkoHWXf12IUdLDd12bhK,https://login.airavirtual.com/postula/LkoHWXf12IUdLDd12bhK,,
18540,Fundación Integra,INTEGRA,Sitio propio,Ejecutivo Central,Metropolitana de Santiago,"Base de Datos, Reemplazo Educadora de Párvulos, Jardín Infantil Mis Primeros Pasitos. Comuna de Tiltil, RMNP.",2026-05-29,2026-06-12T06:22:37.422448Z,https://login.airavirtual.com/postula/Ll9gtVARpwkkJGCkvNSX,https://login.airavirtual.com/postula/Ll9gtVARpwkkJGCkvNSX,,
18539,Fundación Integra,INTEGRA,Sitio propio,Ejecutivo Central,Metropolitana de Santiago,"Reemplazo Educadora de Párvulos, Jardín Infantil Nuevo Tai Tai, Estación central, DRNP.",2026-05-29,2026-06-12T06:22:36.726299Z,https://login.airavirtual.com/postula/YgJJS3xPQ9wAstKYfNpo,https://login.airavirtual.com/postula/YgJJS3xPQ9wAstKYfNpo,,
18538,Fundación Integra,INTEGRA,Sitio propio,Ejecutivo Central,Metropolitana de Santiago,"Reemplazo Educadora de Párvulos. Jardín InfantilI Nuevo San Bernardo, San Bernardo. DRNP",2026-06-01,2026-06-12T06:22:36.030370Z,https://login.airavirtual.com/postula/4DVIPxBrfuV8fvnG00El,https://login.airavirtual.com/postula/4DVIPxBrfuV8fvnG00El,,
18537,Fundación Integra,INTEGRA,Sitio propio,Ejecutivo Central,Metropolitana de Santiago,"Reemplazo Educadora/or de Párvulos, JI Bettemburgo, Huechuraba, RMNP",2026-06-02,2026-06-12T06:22:35.334173Z,https://login.airavirtual.com/postula/o6G1Ba85s2XqNU61EpX4,https://login.airavirtual.com/postula/o6G1Ba85s2XqNU61EpX4,,
18536,Fundación Integra,INTEGRA,Sitio propio,Ejecutivo Central,Biobío,Base de datos Reemplazos Educador/a de Párvulos comuna de Talcahuano,2026-06-03,2026-06-12T06:22:34.637665Z,https://login.airavirtual.com/postula/5UC8XMw5DpXOzztAmW2F,https://login.airavirtual.com/postula/5UC8XMw5DpXOzztAmW2F,,
18535,Fundación Integra,INTEGRA,Sitio propio,Ejecutivo Central,Biobío,"Base de datos 2026 Reemplazos Educador/a de Párvulos provincia de Arauco, región del Bio Bio",2026-06-03,2026-06-12T06:22:33.941781Z,https://login.airavirtual.com/postula/pjDSalwJ9pzM1Ol3cj9s,https://login.airavirtual.com/postula/pjDSalwJ9pzM1Ol3cj9s,,
18534,Fundación Integra,INTEGRA,Sitio propio,Ejecutivo Central,Valparaíso,"Educadora de Párvulos, Reemplazo JI La Princesita, San Antonio, Región de Valparaíso",2026-06-05,2026-06-12T06:22:33.245855Z,https://login.airavirtual.com/postula/DzBmJcedX6z4GUDcLjYB,https://login.airavirtual.com/postula/DzBmJcedX6z4GUDcLjYB,,
18533,Fundación Integra,INTEGRA,Sitio propio,Ejecutivo Central,Antofagasta,"Base de Datos para Reemplazo de Asistente de Párvulos, JI y SC, Calama, Fundación Integra, Dirección Regional Antofagasta",2026-06-04,2026-06-12T06:22:32.550012Z,https://login.airavirtual.com/postula/yZphaF6OVJ6cLgV1yeRU,https://login.airavirtual.com/postula/yZphaF6OVJ6cLgV1yeRU,,
18532,Fundación Integra,INTEGRA,Sitio propio,Ejecutivo Central,Atacama,"Reemplazo Asistente Administrativa/o, JI Remanso, Localidad de El Salvador, Dirección Regional de Atacama",2026-06-05,2026-06-12T06:22:31.853864Z,https://login.airavirtual.com/postula/fMZiFSJWFajZLB25pXgJ,https://login.airavirtual.com/postula/fMZiFSJWFajZLB25pXgJ,,
18531,Fundación Integra,INTEGRA,Sitio propio,Ejecutivo Central,O'Higgins,"Reemplazo Asistente TJMJ, JI Peumayen, Comuna Requinoa, Dirección Regional Ohiggins",2026-06-05,2026-06-12T06:22:31.158086Z,https://login.airavirtual.com/postula/6mIOX6oC4fmZw6U3utGl,https://login.airavirtual.com/postula/6mIOX6oC4fmZw6U3utGl,,
18530,Fundación Integra,INTEGRA,Sitio propio,Ejecutivo Central,Biobío,"Educador/a de Párvulos para Reemplazo en JI Ayelen comuna de Tirua, provincia de Arauco",2026-06-05,2026-06-12T06:22:30.461429Z,https://login.airavirtual.com/postula/bDmODgf4RjIwuSD6sFLK,https://login.airavirtual.com/postula/bDmODgf4RjIwuSD6sFLK,,
18529,Fundación Integra,INTEGRA,Sitio propio,Ejecutivo Central,Arica y Parinacota,"Auxiliar de Servicios Programa Vacaciones en Mi Jardín 2026, Comuna de Arica, Dirección Regional Arica y Parinacota",2026-06-06,2026-06-12T06:22:29.765923Z,https://login.airavirtual.com/postula/erJip44y1eMhESA3DUvZ,https://login.airavirtual.com/postula/erJip44y1eMhESA3DUvZ,,
18528,Fundación Integra,INTEGRA,Sitio propio,Ejecutivo Central,Arica y Parinacota,"Asistente de Parvulos Programa Vacaciones en Mi Jardín 2026, Comuna de Arica, Dirección Regional Arica y Parinacota",2026-06-06,2026-06-12T06:22:29.069245Z,https://login.airavirtual.com/postula/K5QFtVffmhkMZwaGNj72,https://login.airavirtual.com/postula/K5QFtVffmhkMZwaGNj72,,
18527,Fundación Integra,INTEGRA,Sitio propio,Ejecutivo Central,Antofagasta,"Reemplazo Educadora/or de Párvulos, JI Sol del Desierto, Comuna María Elena, Región de Antofagasta",2026-06-15,2026-06-12T06:22:28.373179Z,https://login.airavirtual.com/postula/whQmpEE9Atw7VPSpk7jD,https://login.airavirtual.com/postula/whQmpEE9Atw7VPSpk7jD,,
18526,Fundación Integra,INTEGRA,Sitio propio,Ejecutivo Central,Valparaíso,"Base de datos, Educadora de Párvulos, Reemplazo, Comuna de Villa Alemana, Región de Valparaíso",2026-06-08,2026-06-12T06:22:27.676944Z,https://login.airavirtual.com/postula/qLKg5onVEamtYsxSatIx,https://login.airavirtual.com/postula/qLKg5onVEamtYsxSatIx,,
18525,Fundación Integra,INTEGRA,Sitio propio,Ejecutivo Central,Ñuble,"Base de Datos, Auxiliar de Servicios, sector Buchupureo, comuna de Cobquecura, Dirección Regional Ñuble",2026-06-08,2026-06-12T06:22:26.979082Z,https://login.airavirtual.com/postula/0txDbn8Y9yneHRAs2vwM,https://login.airavirtual.com/postula/0txDbn8Y9yneHRAs2vwM,,
18524,Fundación Integra,INTEGRA,Sitio propio,Ejecutivo Central,Biobío,"Base de datos 2026, Reemplazo Asistente de Párvulos, Provincia Concepción, Región del Biobío",2026-06-09,2026-06-12T06:22:26.280856Z,https://login.airavirtual.com/postula/ENaqbqCoN0o1REITUORz,https://login.airavirtual.com/postula/ENaqbqCoN0o1REITUORz,,
18523,Fundación Integra,INTEGRA,Sitio propio,Ejecutivo Central,Biobío,"Base de datos 2026, Reemplazo Auxiliar de Servicios, Provincia Concepción, Región del Biobío",2026-06-09,2026-06-12T06:22:25.583533Z,https://login.airavirtual.com/postula/xuSHTfZAnszfFCsiMDbW,https://login.airavirtual.com/postula/xuSHTfZAnszfFCsiMDbW,,
18522,Fundación Integra,INTEGRA,Sitio propio,Ejecutivo Central,Metropolitana de Santiago,"Reemplazo por el día jueves 18.06.2026. Auxiliar de Servicios, Jardín Infantil Tomé, Comuna de La Granja",2026-06-10,2026-06-12T06:22:24.886270Z,https://login.airavirtual.com/postula/0HdYC6Iau7dLKBr60h6I,https://login.airavirtual.com/postula/0HdYC6Iau7dLKBr60h6I,,
18521,Fundación Integra,INTEGRA,Sitio propio,Ejecutivo Central,Ñuble,"Base de Datos, Asistente de Párvulos, sector Cártago, comuna de Pemuco, Dirección Regional Ñuble",2026-06-10,2026-06-12T06:22:24.188989Z,https://login.airavirtual.com/postula/vMPNONhyfxR657X8x7O0,https://login.airavirtual.com/postula/vMPNONhyfxR657X8x7O0,,
18520,Fundación Integra,INTEGRA,Sitio propio,Ejecutivo Central,Metropolitana de Santiago,"Reemplazo Asistente de Párvulos, JI Colina, RMNP.",2026-06-11,2026-06-12T06:22:23.493331Z,https://login.airavirtual.com/postula/fzPsFNhkJ5AxqHeDiHCj,https://login.airavirtual.com/postula/fzPsFNhkJ5AxqHeDiHCj,,
18519,Fundación Integra,INTEGRA,Sitio propio,Ejecutivo Central,Metropolitana de Santiago,"PROYECTO Asistente de Párvulos Integral, JI María Luisa Bombal_El Bosque_RMSO",2026-06-12,2026-06-12T06:22:22.797560Z,https://login.airavirtual.com/postula/FqnJ0xsAuuZ7V9uFfjIa,https://login.airavirtual.com/postula/FqnJ0xsAuuZ7V9uFfjIa,,
18518,Fundación Integra,INTEGRA,Sitio propio,Ejecutivo Central,Metropolitana de Santiago,"Base datos para reemplazos Educadora párvulos, jardines Maipú, RMNP.",2026-06-15,2026-06-12T06:22:22.100435Z,https://login.airavirtual.com/postula/RlzgrquDHp6LtdMuixi1,https://login.airavirtual.com/postula/RlzgrquDHp6LtdMuixi1,,
18517,FOJI (Fundación de Orquestas Juveniles e Infantiles de Chile),FOJI,Sitio propio,Ejecutivo Central,Nacional,Director Osjr 2026 2027,2026-06-19,2026-06-12T06:22:05.982435Z,https://foji.cl/wp-content/uploads/2025/12/Bases-Concurso-Director-OSJR-2026-2027.-ultima-version-22-dic.-L.P.pdf,https://foji.cl/wp-content/uploads/2025/12/Bases-Concurso-Director-OSJR-2026-2027.-ultima-version-22-dic.-L.P.pdf,,
18516,EMPORMONTT (Empresa Portuaria Puerto Montt),EPPM,Sitio propio,Empresa del Estado,Los Lagos,Especialista Integracion Datos E Inteligencia Tecnologica,2026-06-19,2026-06-12T06:21:41.830329Z,https://empormontt.cl/bases/GIT_Descriptor_Cargo_Especialista_Integracion_Datos_e_Inteligencia_Tecnologica_20250325.pdf,https://empormontt.cl/bases/GIT_Descriptor_Cargo_Especialista_Integracion_Datos_e_Inteligencia_Tecnologica_20250325.pdf,,
18515,EMPORMONTT (Empresa Portuaria Puerto Montt),EPPM,Sitio propio,Empresa del Estado,Los Lagos,Especialista Ti,2026-06-19,2026-06-12T06:21:41.134421Z,https://empormontt.cl/bases/Especialista_TI_Actualizado_20250820.pdf,https://empormontt.cl/bases/Especialista_TI_Actualizado_20250820.pdf,,
18514,ENAER (Empresa Nacional de Aeronáutica),ENAER,Sitio propio,FF.AA. y Orden,Metropolitana de Santiago,Administrativo,2026-06-19,2026-06-12T06:21:34.582553Z,https://www.enaer.cl/pdf/btrabajo/AVISO%20CONCURSO%20ABIERTO%20ADMINISTRATIVO-1.pdf,https://www.enaer.cl/pdf/btrabajo/AVISO%20CONCURSO%20ABIERTO%20ADMINISTRATIVO-1.pdf,,
18513,ENAER (Empresa Nacional de Aeronáutica),ENAER,Sitio propio,FF.AA. y Orden,Metropolitana de Santiago,Jefe Área Productiva,2026-06-19,2026-06-12T06:21:33.885899Z,https://www.enaer.cl/pdf/btrabajo/AVISO%20CONCURSO%20ABIERTO%20JEFE%20%C3%81REA%20PRODUCTIVA-1.pdf,https://www.enaer.cl/pdf/btrabajo/AVISO%20CONCURSO%20ABIERTO%20JEFE%20%C3%81REA%20PRODUCTIVA-1.pdf,,
18512,ENAER (Empresa Nacional de Aeronáutica),ENAER,Sitio propio,FF.AA. y Orden,Metropolitana de Santiago,Supervisor Producción Aeronáutica,2026-06-19,2026-06-12T06:21:33.190118Z,https://www.enaer.cl/pdf/btrabajo/AVISO%20CONCURSO%20ABIERTO%20SUPERVISOR%20DE%20PRODUCCI%C3%93N%20AERON%C3%81UTICA-2.pdf,https://www.enaer.cl/pdf/btrabajo/AVISO%20CONCURSO%20ABIERTO%20SUPERVISOR%20DE%20PRODUCCI%C3%93N%20AERON%C3%81UTICA-2.pdf,,
18511,ENAER (Empresa Nacional de Aeronáutica),ENAER,Sitio propio,FF.AA. y Orden,Metropolitana de Santiago,Inspector de Producción,2026-06-19,2026-06-12T06:21:32.494443Z,https://www.enaer.cl/pdf/btrabajo/Inspector%20de%20Produccion.pdf,https://www.enaer.cl/pdf/btrabajo/Inspector%20de%20Produccion.pdf,,
18499,CODELCO — Corporación Nacional del Cobre,CODELCO,Sitio propio,Empresa del Estado,Metropolitana de Santiago,Convocatoria Profesionales de Proyectos - VP,2026-06-11,2026-06-12T06:20:59.619760Z,https://empleos.codelco.cl/job/Posada-Lilen-Convocatoria-Profesionales-de-Proyectos-VP-Reg_-8320000/1366615700/,https://empleos.codelco.cl/job/Posada-Lilen-Convocatoria-Profesionales-de-Proyectos-VP-Reg_-8320000/1366615700/,,
17304,CODELCO — Corporación Nacional del Cobre,CODELCO,Sitio propio,Empresa del Estado,Antofagasta,Ingeniero/a Especialista Control Gestión,2026-06-04,2026-06-11T06:53:13.357133Z,https://empleos.codelco.cl/job/Posada-Lilen-Ingenieroa-Especialista-Control-Gesti%C3%B3n-2da_-1390000/1396868100/,https://empleos.codelco.cl/job/Posada-Lilen-Ingenieroa-Especialista-Control-Gesti%C3%B3n-2da_-1390000/1396868100/,,
17294,CODELCO — Corporación Nacional del Cobre,CODELCO,Sitio propio,Empresa del Estado,Valparaíso,Convocatoria Profesionales Ingeniería Sr de Proyectos y/o Mantenimiento Infraestructura - Ventanas,2026-06-05,2026-06-11T06:53:06.114884Z,https://empleos.codelco.cl/job/Posada-Lilen-Convocatoria-Profesionales-Ingenier%C3%ADa-Sr-de-Proyectos-yo-Mantenimiento-Infraestructura-Ventanas-5ta_-2520000/1378500200/,https://empleos.codelco.cl/job/Posada-Lilen-Convocatoria-Profesionales-Ingenier%C3%ADa-Sr-de-Proyectos-yo-Mantenimiento-Infraestructura-Ventanas-5ta_-2520000/1378500200/,,
17289,CODELCO — Corporación Nacional del Cobre,CODELCO,Sitio propio,Empresa del Estado,Antofagasta,Superintendente/a de Energía y Combustible -Gerencia de Servicios,2026-06-10,2026-06-11T06:53:02.493189Z,https://empleos.codelco.cl/job/Posada-Lilen-Superintendentea-de-Energ%C3%ADa-y-Combustible-Gerencia-de-Servicios-2da_-1390000/1398758600/,https://empleos.codelco.cl/job/Posada-Lilen-Superintendentea-de-Energ%C3%ADa-y-Combustible-Gerencia-de-Servicios-2da_-1390000/1398758600/,,
17283,Hospital Militar de Santiago,HMS,Laborum,FF.AA. y Orden,Metropolitana de Santiago,PINTOR-DIURNO,2026-06-16,2026-06-11T06:51:47.813564Z,https://www.laborum.cl/empleos/pintor-diurno-hospital-militar-de-santiago-1118200862.html,https://www.laborum.cl/empleos/pintor-diurno-hospital-militar-de-santiago-1118200862.html,,
17282,Hospital Militar de Santiago,HMS,Laborum,FF.AA. y Orden,Metropolitana de Santiago,TECNICO EN MANTENCION EQUIPOS MEDICOS,2026-06-17,2026-06-11T06:51:47.089659Z,https://www.laborum.cl/empleos/tecnico-en-mantencion-equipos-medicos-hospital-militar-de-santiago-1118202687.html,https://www.laborum.cl/empleos/tecnico-en-mantencion-equipos-medicos-hospital-militar-de-santiago-1118202687.html,,
17281,Hospital Militar de Santiago,HMS,Laborum,FF.AA. y Orden,Metropolitana de Santiago,EJECUTIVO DE DESBLOQUEO CUENTA PACIENTES - REEMPLAZO,2026-06-19,2026-06-11T06:51:46.365164Z,https://www.laborum.cl/empleos/ejecutivo-de-desbloqueo-cuenta-pacientes-reemplazo-hospital-militar-de-santiago-1118243024.html,https://www.laborum.cl/empleos/ejecutivo-de-desbloqueo-cuenta-pacientes-reemplazo-hospital-militar-de-santiago-1118243024.html,,
17280,Hospital Militar de Santiago,HMS,Laborum,FF.AA. y Orden,Metropolitana de Santiago,TENS PSIQUIATRIA 4TO TURNO,2026-06-19,2026-06-11T06:51:45.641798Z,https://www.laborum.cl/empleos/tens-psiquiatria-4to-turno-hospital-militar-de-santiago-1118246300.html,https://www.laborum.cl/empleos/tens-psiquiatria-4to-turno-hospital-militar-de-santiago-1118246300.html,,
17279,Hospital Militar de Santiago,HMS,Laborum,FF.AA. y Orden,Metropolitana de Santiago,AUXILIAR DEPOSITO FALLECIDOS 4TO TURNO MODIFICADO,2026-06-19,2026-06-11T06:51:44.917343Z,https://www.laborum.cl/empleos/auxiliar-deposito-fallecidos-4to-turno-modificado-hospital-militar-de-santiago-1118247682.html,https://www.laborum.cl/empleos/auxiliar-deposito-fallecidos-4to-turno-modificado-hospital-militar-de-santiago-1118247682.html,,
17278,Hospital Militar de Santiago,HMS,Laborum,FF.AA. y Orden,Metropolitana de Santiago,EJECUTIVO GESTION DE PROGRAMAS MEDICOS,2026-06-19,2026-06-11T06:51:44.194138Z,https://www.laborum.cl/empleos/ejecutivo-gestion-de-programas-medicos-hospital-militar-de-santiago-1118280774.html,https://www.laborum.cl/empleos/ejecutivo-gestion-de-programas-medicos-hospital-militar-de-santiago-1118280774.html,,
17277,Hospital Militar de Santiago,HMS,Laborum,FF.AA. y Orden,Metropolitana de Santiago,JEFE SECCION ADMISION,2026-06-19,2026-06-11T06:51:43.469483Z,https://www.laborum.cl/empleos/jefe-seccion-admision-hospital-militar-de-santiago-1118288768.html,https://www.laborum.cl/empleos/jefe-seccion-admision-hospital-militar-de-santiago-1118288768.html,,
17276,Hospital Militar de Santiago,HMS,Laborum,FF.AA. y Orden,Metropolitana de Santiago,TENS ANGIOGRAFIA - DIURNO,2026-06-19,2026-06-11T06:51:42.746233Z,https://www.laborum.cl/empleos/tens-angiografia-diurno-hospital-militar-de-santiago-1118288815.html,https://www.laborum.cl/empleos/tens-angiografia-diurno-hospital-militar-de-santiago-1118288815.html,,
17275,Hospital Militar de Santiago,HMS,Laborum,FF.AA. y Orden,Metropolitana de Santiago,ENFERMERA NAVEGADORA SERVICIO HEMATO-ONCOLOGÍA,2026-06-19,2026-06-11T06:51:42.022964Z,https://www.laborum.cl/empleos/enfermera-navegadora-servicio-hemato-oncologia-hospital-militar-de-santiago-1118292522.html,https://www.laborum.cl/empleos/enfermera-navegadora-servicio-hemato-oncologia-hospital-militar-de-santiago-1118292522.html,,
17274,Hospital Militar de Santiago,HMS,Laborum,FF.AA. y Orden,Metropolitana de Santiago,EJECUTIVO CONTACT CENTER,2026-06-19,2026-06-11T06:51:41.298018Z,https://www.laborum.cl/empleos/ejecutivo-contact-center-hospital-militar-de-santiago-1118210975.html,https://www.laborum.cl/empleos/ejecutivo-contact-center-hospital-militar-de-santiago-1118210975.html,,
17273,Hospital Militar de Santiago,HMS,Laborum,FF.AA. y Orden,Metropolitana de Santiago,TENS SERVICIO MÉDICO QUIRURGICO,2026-06-19,2026-06-11T06:51:40.574604Z,https://www.laborum.cl/empleos/tens-servicio-medico-quirurgico-hospital-militar-de-santiago-1118170585.html,https://www.laborum.cl/empleos/tens-servicio-medico-quirurgico-hospital-militar-de-santiago-1118170585.html,,
17272,Hospital Militar de Santiago,HMS,Laborum,FF.AA. y Orden,Metropolitana de Santiago,AUXILIAR DE SERVICIO- DIURNO O 4TO TURNO,2026-06-19,2026-06-11T06:51:39.848805Z,https://www.laborum.cl/empleos/auxiliar-de-servicio-diurno-o-4to-turno-hospital-militar-de-santiago-1118189340.html,https://www.laborum.cl/empleos/auxiliar-de-servicio-diurno-o-4to-turno-hospital-militar-de-santiago-1118189340.html,,
17271,Hospital Militar de Santiago,HMS,Laborum,FF.AA. y Orden,Metropolitana de Santiago,TENS SUA-4TO TURNO,2026-06-19,2026-06-11T06:51:39.123665Z,https://www.laborum.cl/empleos/tens-sua-4to-turno-hospital-militar-de-santiago-1118244250.html,https://www.laborum.cl/empleos/tens-sua-4to-turno-hospital-militar-de-santiago-1118244250.html,,
17270,Hospital Militar de Santiago,HMS,Laborum,FF.AA. y Orden,Metropolitana de Santiago,EJECUTIVO ATENCIÓN PRESENCIAL Y WEB-DIURNO,2026-06-19,2026-06-11T06:51:38.399966Z,https://www.laborum.cl/empleos/ejecutivo-atencion-presencial-y-web-diurno-hospital-militar-de-santiago-1118316214.html,https://www.laborum.cl/empleos/ejecutivo-atencion-presencial-y-web-diurno-hospital-militar-de-santiago-1118316214.html,,
17269,Hospital Militar de Santiago,HMS,Laborum,FF.AA. y Orden,Metropolitana de Santiago,QUIMICO FARMACEUTICO 4TO TURNO,2026-06-19,2026-06-11T06:51:37.676229Z,https://www.laborum.cl/empleos/quimico-farmaceutico-4to-turno-hospital-militar-de-santiago-1118303170.html,https://www.laborum.cl/empleos/quimico-farmaceutico-4to-turno-hospital-militar-de-santiago-1118303170.html,,
17268,Hospital Militar de Santiago,HMS,Laborum,FF.AA. y Orden,Metropolitana de Santiago,ADMINISTRATIVO TOMA DE MUESTRAS,2026-06-19,2026-06-11T06:51:36.952604Z,https://www.laborum.cl/empleos/administrativo-toma-de-muestras-hospital-militar-de-santiago-1118302541.html,https://www.laborum.cl/empleos/administrativo-toma-de-muestras-hospital-militar-de-santiago-1118302541.html,,
17267,Hospital Militar de Santiago,HMS,Laborum,FF.AA. y Orden,Metropolitana de Santiago,TENS UNIDAD DE INTERNACIÓN PSIQUIÁTRICA-4TO TURNO,2026-06-19,2026-06-11T06:51:36.228602Z,https://www.laborum.cl/empleos/tens-unidad-de-internacion-psiquiatrica-4to-turno-hospital-militar-de-santiago-1118310027.html,https://www.laborum.cl/empleos/tens-unidad-de-internacion-psiquiatrica-4to-turno-hospital-militar-de-santiago-1118310027.html,,
17266,Hospital Militar de Santiago,HMS,Laborum,FF.AA. y Orden,Metropolitana de Santiago,TENS DE ANESTESIA DIURNO,2026-06-19,2026-06-11T06:51:35.503198Z,https://www.laborum.cl/empleos/tens-de-anestesia-diurno-hospital-militar-de-santiago-1118189398.html,https://www.laborum.cl/empleos/tens-de-anestesia-diurno-hospital-militar-de-santiago-1118189398.html,,
17265,Hospital Militar de Santiago,HMS,Laborum,FF.AA. y Orden,Metropolitana de Santiago,JEFE SECCIÓN FACTURACIÓN Y ANÁLISIS-DIURNO,2026-06-19,2026-06-11T06:51:34.772207Z,https://www.laborum.cl/empleos/jefe-seccion-facturacion-y-analisis-diurno-hospital-militar-de-santiago-1118315907.html,https://www.laborum.cl/empleos/jefe-seccion-facturacion-y-analisis-diurno-hospital-militar-de-santiago-1118315907.html,,
17264,Hospital Militar de Santiago,HMS,Laborum,FF.AA. y Orden,Metropolitana de Santiago,ENFERMERA CLÍNICA SERVICIO MEDICINA 4TO TURNO,2026-06-18,2026-06-11T06:51:34.048637Z,https://www.laborum.cl/empleos/enfermera-clinica-servicio-medicina-4to-turno-hospital-militar-de-santiago-1118325191.html,https://www.laborum.cl/empleos/enfermera-clinica-servicio-medicina-4to-turno-hospital-militar-de-santiago-1118325191.html,,
16736,Policía de Investigaciones de Chile (PDI),PDI,Sitio propio,FF.AA. y Orden,Nacional,"Planta de Apoyo General, Escalafón de Agente Policial",2026-06-19,2026-06-11T02:33:34.356022Z,https://www.pdichile.cl/instituci%C3%B3n/concursos-publicos/planta-de-apoyo-general#planta-de-apoyo-general-escalafon-de-agente-policial,https://www.pdichile.cl/instituci%C3%B3n/concursos-publicos/planta-de-apoyo-general#planta-de-apoyo-general-escalafon-de-agente-policial,,
15010,SASIPA (Sociedad Agrícola y Servicios Isla de Pascua),EPTSV,Sitio propio,Empresa del Estado,Valparaíso,Ayudante Operador de Matrices (Agua Potable),2026-05-25,2026-06-10T05:36:19.133867Z,https://sasipa.buk.cl/s/TdQmyNRfWJ4pJqrf,https://sasipa.buk.cl/s/TdQmyNRfWJ4pJqrf,,
15009,Empresa Portuaria Antofagasta,EPAN,Buk (RRHH),Empresa del Estado,Antofagasta,Vigilante Privado Maritimo Portuario,2026-05-14,2026-06-10T05:36:10.388487Z,https://puertoantofagasta.buk.cl/s/t7BkmCYfta64zaj3,https://puertoantofagasta.buk.cl/s/t7BkmCYfta64zaj3,,
15008,Empresa Portuaria Antofagasta,EPAN,Buk (RRHH),Empresa del Estado,Antofagasta,Analista de Presupuesto,2026-04-06,2026-06-10T05:36:09.635017Z,https://puertoantofagasta.buk.cl/s/L3uoiVKxHtdXw1kB,https://puertoantofagasta.buk.cl/s/L3uoiVKxHtdXw1kB,,
15007,Coordinador Eléctrico Nacional,CEN,Buk (RRHH),Autónomo/Regulador,Nacional,Ingeniera(o) Trainee de Operación en Tiempo Real,2026-06-19,2026-06-10T05:36:04.108702Z,https://coordinador.buk.cl/s/53j4Jv4eX9Lye7iQ,https://coordinador.buk.cl/s/53j4Jv4eX9Lye7iQ,,
15006,Coordinador Eléctrico Nacional,CEN,Buk (RRHH),Autónomo/Regulador,Nacional,Ingeniera(o) Senior Departamento Control Diario de la Operación en Tiempo Real,2026-06-19,2026-06-10T05:36:03.350235Z,https://coordinador.buk.cl/s/v47JXPyHxVQyG4Lm,https://coordinador.buk.cl/s/v47JXPyHxVQyG4Lm,,
15005,Coordinador Eléctrico Nacional,CEN,Buk (RRHH),Autónomo/Regulador,Nacional,Jefe(a) de Departamento Control Diario de la Operación en Tiempo Real,2026-06-19,2026-06-10T05:36:02.595885Z,https://coordinador.buk.cl/s/CMgMo7dWTcGwt4Us,https://coordinador.buk.cl/s/CMgMo7dWTcGwt4Us,,
7669,Municipalidad de Futaleufú,M.Futaleufú,WordPress,Municipal,Los Lagos,"Aviso de Pago para Patentes Comerciales, Profesionales y de Alcoholes – Primer Semestre 2026",,2026-04-17T07:41:27.421822Z,https://www.futaleufu.cl/2026/01/27/aviso-de-pago-para-patentes-comerciales-profesionales-y-de-alcoholes-primer-semestre-2026/,https://www.futaleufu.cl/2026/01/27/aviso-de-pago-para-patentes-comerciales-profesionales-y-de-alcoholes-primer-semestre-2026/,True,True
7616,Municipalidad de Valdivia,M.Valdivia,Sitio propio Joomla,Municipal,Los Ríos,Bases Concurso Público Dirección CESFAM LAS ANIMAS,,2026-04-17T07:31:02.986873Z,https://munivaldivia.cl/wp-content/uploads/2026/04/Bases-Concurso-Público-Dirección-LAS-ANIMAS.pdf,https://munivaldivia.cl/wp-content/uploads/2026/04/Bases-Concurso-Público-Dirección-LAS-ANIMAS.pdf,True,True
7360,Municipalidad de Providencia,M.Providencia,Sitio propio + Trabajando.cl,Municipal,Metropolitana de Santiago,Finalizado,,2026-04-17T06:39:27.693147Z,https://providencia.cl/provi/municipalidad/concursos-publicos/concurso-publico-planta,https://providencia.cl/provi/municipalidad/concursos-publicos/concurso-publico-planta,True,True
7359,Municipalidad de Providencia,M.Providencia,Sitio propio + Trabajando.cl,Municipal,Metropolitana de Santiago,En curso,,2026-04-17T06:39:27.693147Z,https://providencia.cl/provi/municipalidad/concursos-publicos/contratacion-servicios-de-profesional-concurso-publico,https://providencia.cl/provi/municipalidad/concursos-publicos/contratacion-servicios-de-profesional-concurso-publico,True,True
7214,Gobierno Regional de Los Lagos,GORE LOS,sitio propio +empleospublicos.cl,Gobierno Regional,Los Lagos,de Jefe de Departamento,,2026-04-18T06:14:02.944917Z,https://www.goreloslagos.cl/resources/descargas/concurso_publico/2025/ORE_3897_2025_Bases_Concurso_Provision_Cargo_Jefe_Departamento.pdf,https://www.goreloslagos.cl/resources/descargas/concurso_publico/2025/ORE_3897_2025_Bases_Concurso_Provision_Cargo_Jefe_Departamento.pdf,False,False
5745,Gobierno Regional de Aysén,GORE AYS,sitio propio +empleospublicos.cl,Gobierno Regional,Aysén,ESTUDIO PLANTA FAENADORA,,2026-04-16T05:46:45.179950Z,https://extranet.goreaysen.cl/owncloud/index.php/s/p4VkmDrWOBG9pMr,https://extranet.goreaysen.cl/owncloud/index.php/s/p4VkmDrWOBG9pMr,False,False
5744,Gobierno Regional de Aysén,GORE AYS,sitio propio +empleospublicos.cl,Gobierno Regional,Aysén,HISTORIAL DE CUENTAS PÚBLICAS,,2026-04-16T05:46:45.179950Z,https://www.goreaysen.cl/historial-cuentas-publicas/,https://www.goreaysen.cl/historial-cuentas-publicas/,True,True
5743,Gobierno Regional de Aysén,GORE AYS,sitio propio +empleospublicos.cl,Gobierno Regional,Aysén,"En procesos de selección específicos, donde se indique un plazo y lugar de recepción de antecedentes, deberás enviar nuevamente tu currículum actualizado.",,2026-04-16T05:46:45.179950Z,https://www.goreaysen.cl/trabaje-con-nosotros-2/,https://www.goreaysen.cl/trabaje-con-nosotros-2/,True,True
5742,Gobierno Regional de Aysén,GORE AYS,sitio propio +empleospublicos.cl,Gobierno Regional,Aysén,Enviar Currículum,,2026-04-16T05:46:45.179950Z,https://mail.google.com/mail/?view=cm&fs=1&to=curriculum@goreaysen.cl,https://mail.google.com/mail/?view=cm&fs=1&to=curriculum@goreaysen.cl,False,False
5739,Gobierno Regional de Biobío,GORE BIO,sitio propio +empleospublicos.cl,Gobierno Regional,Biobío,REX °151 APRUEBA BASES SEGUIMIENTO Y CONTROL GRADO 6,,2026-04-18T06:13:55.395346Z,https://gorebiobio.cl/wp-content/uploads/2026/02/REX-°151-APRUEBA-BASES-SEGUIMIENTO-Y-CONTROL-GRADO-6.pdf,https://gorebiobio.cl/wp-content/uploads/2026/02/REX-°151-APRUEBA-BASES-SEGUIMIENTO-Y-CONTROL-GRADO-6.pdf,True,True
5735,Gobierno Regional de Maule,GORE MAU,sitio propio +empleospublicos.cl,Gobierno Regional,Maule,Postulación a Financiamiento para Programas,,2026-04-16T05:46:02.461547Z,https://www.maulepro.com/gore/portal/info?tab=Glosas,https://www.maulepro.com/gore/portal/info?tab=Glosas,True,True
5464,Armada de Chile,ARMADA,Sitio propio,FF.AA. y Orden,Nacional,"Profesionales civiles Ingeniero Eléctrico para Depto. de Obras y Construcciones Segunda Zona Naval, Talcahuano. Postulación abierta Más información",,2026-04-16T05:39:14.252268Z,https://www.admisionarmada.cl/concursos/20260114/,https://www.admisionarmada.cl/concursos/20260114/,True,True
5461,Armada de Chile,ARMADA,Sitio propio,FF.AA. y Orden,Nacional,"Profesionales civiles Ingeniero Comercial para Dirección de Presupuestos de la Armada, Valparaíso. Postulación abierta Más información Postular ahora",,2026-04-16T05:39:14.252268Z,https://www.admisionarmada.cl/concursos/20260113/,https://www.admisionarmada.cl/concursos/20260113/,True,True
5460,Armada de Chile,ARMADA,Sitio propio,FF.AA. y Orden,Nacional,"Profesionales civiles Ingeniero Control de Gestión para Dirección de Telecomunicaciones Armada, Valparaíso. Postulación abierta Más información Postular ahora",,2026-04-16T05:39:14.252268Z,https://www.admisionarmada.cl/concursos/20260112/,https://www.admisionarmada.cl/concursos/20260112/,True,True
5459,Armada de Chile,ARMADA,Sitio propio,FF.AA. y Orden,Nacional,"Profesionales civiles Ingeniero Civil Aeroespacial para Comandancia de Aviación Naval, Con Cón Postulación abierta Más información Postular ahora",,2026-04-16T05:39:14.252268Z,https://www.admisionarmada.cl/concursos/2026-011/,https://www.admisionarmada.cl/concursos/2026-011/,True,True
5458,Armada de Chile,ARMADA,Sitio propio,FF.AA. y Orden,Nacional,Gente de Mar Tropa Profesional Admisión 2026 Postulación abierta Más información Postular ahora,,2026-04-16T05:39:14.252268Z,https://www.admisionarmada.cl/concursos/tropa-profesional-2026/,https://www.admisionarmada.cl/concursos/tropa-profesional-2026/,True,True
5457,Armada de Chile,ARMADA,Sitio propio,FF.AA. y Orden,Nacional,Gente de Mar Infante de Marina Músico Admisión 2026 Postulación abierta Más información Postular ahora,,2026-04-16T05:39:14.252268Z,https://www.admisionarmada.cl/concursos/musico-naval-2026/,https://www.admisionarmada.cl/concursos/musico-naval-2026/,True,True
5456,Armada de Chile,ARMADA,Sitio propio,FF.AA. y Orden,Nacional,Gente de Mar Mecánico Maestranza Admisión 2026 Postulación abierta Más información Postular ahora,,2026-04-16T05:39:14.252268Z,https://www.admisionarmada.cl/concursos/mecanico-maestranza-2026/,https://www.admisionarmada.cl/concursos/mecanico-maestranza-2026/,True,True
5455,Armada de Chile,ARMADA,Sitio propio,FF.AA. y Orden,Nacional,Gente de Mar Conductor Naval Admisión 2026 Postulación abierta Más información Postular ahora,,2026-04-16T05:39:14.252268Z,https://www.admisionarmada.cl/concursos/conductor-2026/,https://www.admisionarmada.cl/concursos/conductor-2026/,True,True
5454,Armada de Chile,ARMADA,Sitio propio,FF.AA. y Orden,Nacional,Gente de Mar Técnico en Comunicación Audiovisual Admisión 2026 Postulación abierta Más información Postular ahora,,2026-04-16T05:39:14.252268Z,https://www.admisionarmada.cl/concursos/tecnico-audiovisual-2026/,https://www.admisionarmada.cl/concursos/tecnico-audiovisual-2026/,True,True
5451,Armada de Chile,ARMADA,Sitio propio,FF.AA. y Orden,Nacional,Concursos postulados,,2026-04-16T05:39:14.252268Z,https://www.admisionarmada.cl/postulaciones/,https://www.admisionarmada.cl/postulaciones/,True,True
5257,Empresa Portuaria Talcahuano — San Vicente,EPTSV,Sitio propio,Empresa del Estado,Biobío,Portada,,2026-04-16T05:51:23.831475Z,https://www.puertotalcahuano.cl/,https://www.puertotalcahuano.cl/,False,False
5256,Empresa Portuaria Talcahuano — San Vicente,EPTSV,Sitio propio,Empresa del Estado,Biobío,Llamado a Concurso,,2026-04-16T05:51:23.831475Z,https://www.puertotalcahuano.cl/llamado-a-concurso/,https://www.puertotalcahuano.cl/llamado-a-concurso/,False,False
5249,Empresa Portuaria Antofagasta,EPAN,Buk (RRHH),Empresa del Estado,Antofagasta,Procesos de Selección,,2026-04-16T05:50:51.591020Z,https://puertoantofagasta.buk.cl/trabaja-con-nosotros#Procesos_de_Selección,https://puertoantofagasta.buk.cl/trabaja-con-nosotros#Procesos_de_Selección,True,True
5246,Metro S.A.,METRO,Trabajando.cl,Empresa del Estado,Metropolitana de Santiago,Suscríbete al resumen de empleos Recibe por email nuestras ofertas de empleo Trabajos en Empleos transporte de Pasajeros METRO Selecciona el periodo de envío en el que te llegar...,,2026-04-16T05:50:19.193371Z,https://metro.trabajando.cl/trabajo-empleo,https://metro.trabajando.cl/trabajo-empleo,True,True
5244,ENAP — Empresa Nacional del Petróleo,ENAP,Trabajando.cl,Empresa del Estado,Nacional,Suscríbete al resumen de empleos Recibe por email nuestras ofertas de empleo Trabajos en Empleos Enap Selecciona el periodo de envío en el que te llegarán los mensajes Opciones...,,2026-04-16T05:50:05.939383Z,https://enap.trabajando.cl/trabajo-empleo,https://enap.trabajando.cl/trabajo-empleo,False,False
5196,Policía de Investigaciones,PDI,Sitio propio,FF.AA. y Orden,Nacional,Concursos Públicos,,2026-04-16T05:45:05.548576Z,https://www.pdichile.cl/institución/concursos-publicos,https://www.pdichile.cl/institución/concursos-publicos,True,True
5194,Policía de Investigaciones,PDI,Sitio propio,FF.AA. y Orden,Nacional,Institución,,2026-04-16T05:45:05.548576Z,https://www.pdichile.cl/transparencia/concursos/,https://www.pdichile.cl/transparencia/concursos/,False,False
5171,Servicio de Impuestos Internos,SII,Sitio propio + empleospublicos.cl,Ejecutivo Central,Nacional,Proceso Tipo Proceso Cargo Bases Inicio de Postulacion TÃ©rmino de PostulaciÃ³n UbicaciÃ³n NÃ³mina,,2026-04-16T05:37:37.215721Z,https://www.sii.cl/sobre_el_sii/en_postulacion.html,https://www.sii.cl/sobre_el_sii/en_postulacion.html,True,True
4484,CFT Estatal de Magallanes,CFTMAG,Sitio propio + empleospublicos.cl,Universidad/Educación,Magallanes,a Postular Cargar CV Elegir archivo Ningún archivo seleccion,,2026-04-18T06:16:31.759130Z,https://cftdemagallanes.cl/trabaja-con-nosotros/,https://cftdemagallanes.cl/trabaja-con-nosotros/,False,False
4483,CFT Estatal de Magallanes,CFTMAG,Sitio propio + empleospublicos.cl,Universidad/Educación,Magallanes,Portal Alumnos,,2026-04-18T06:16:31.759130Z,http://cem.umas.cl/estudiantes,https://cftdemagallanes.cl/wp-content/uploads/2026/03/Res.-Ex.-N°326-2025-Aprueba-Calendario-academico-PRESENCIAL-2026.pdf,True,False
4481,CFT Estatal de Aysén,CFTAY,Sitio propio + empleospublicos.cl,Universidad/Educación,Aysén,Concursos Docentes,,2026-04-16T04:57:08.045551Z,https://cftestataldeaysen.cl/concursoscft/,https://cftestataldeaysen.cl/concursoscft/,True,True
4479,CFT Estatal de Biobío,CFTBB,Sitio propio + empleospublicos.cl,Universidad/Educación,Biobío,"Postulaciones Abiertas – CFTE Biobío En esta sección encontrarás los concursos públicos y ofertas laborales vigentes del CFTE Biobío, junto con las bases, plazos y documentos ne...",,2026-04-16T05:49:22.759309Z,https://cftestatalbiobio.cl/ofertas-laborales/,https://cftestatalbiobio.cl/ofertas-laborales/,True,True
4475,CFT Estatal de Valparaíso,CFTVAL,Sitio propio + empleospublicos.cl,Universidad/Educación,Valparaíso,Concurso Académicas(os) Asignaturas Sello,,2026-04-16T05:49:12.300926Z,https://www.linkedin.com/jobs/view/3445314279,https://www.linkedin.com/jobs/view/3445314279,True,True
4473,CFT Estatal de Atacama,CFTATK,Sitio propio + empleospublicos.cl,Universidad/Educación,Atacama,postulacionesdocentes@cftdeatacama.cl,,2026-04-16T03:25:00.734580Z,mailto:postulaciones@cftdeatacama.cl,mailto:postulaciones@cftdeatacama.cl,,
4472,CFT Estatal de Atacama,CFTATK,Sitio propio + empleospublicos.cl,Universidad/Educación,Atacama,Nosotros,,2026-04-16T03:25:00.734580Z,https://www.cftdeatacama.cl/trabajaconnosotros.html,https://www.cftdeatacama.cl/trabajaconnosotros.html,True,True
4471,CFT Estatal de Tarapacá,CFTT,Sitio propio + empleospublicos.cl,Universidad/Educación,Tarapacá,Portal de Empleos,,2026-04-16T05:49:00.106149Z,https://empleos.cftestataltarapaca.cl/,https://empleos.cftestataltarapaca.cl/,True,True
4470,CFT Estatal de Tarapacá,CFTT,Sitio propio + empleospublicos.cl,Universidad/Educación,Tarapacá,Intranet,,2026-04-16T05:49:00.106149Z,https://mi.cftestataltarapaca.cl,https://www.cftestataltarapaca.cl/inicio/wp-content/uploads/2025/12/Calendario-Academico-2026.pdf,False,False
4469,Universidad de Aysén,UAysén,Sitio propio,Universidad/Educación,Aysén,[Cierre] Concurso Personal de Colaboración,,2026-04-16T05:48:35.696019Z,https://uaysen.cl/concursos/concurso-personal-de-colaboracion/,https://uaysen.cl/concursos/concurso-personal-de-colaboracion/,False,False
4465,Universidad de O'Higgins,UOH,Sitio propio,Universidad/Educación,O'Higgins,Universidad,,2026-04-16T05:48:24.997820Z,https://www.uoh.cl/universidad/,https://www.uoh.cl/universidad/,False,False
4464,Universidad de O'Higgins,UOH,Sitio propio,Universidad/Educación,O'Higgins,Convenio Honorarios,,2026-04-16T05:48:24.997820Z,https://www.uoh.cl/documentos-sistema-de-honorarios/,https://www.uoh.cl/documentos-sistema-de-honorarios/,True,True
4463,Universidad de O'Higgins,UOH,Sitio propio,Universidad/Educación,O'Higgins,Funcionarios,,2026-04-16T05:48:24.997820Z,https://www.uoh.cl/trabaja-con-nosotros/,https://www.uoh.cl/trabaja-con-nosotros/,True,True
4460,Universidad de Atacama,UDA,Sitio propio,Universidad/Educación,Atacama,Concursos Públicos,,2026-04-16T05:48:02.976417Z,https://uda.cl/concursos-publicos/,https://uda.cl/concursos-publicos/,True,True
4439,Universidad del Bío-Bío,UBB,Sitio propio,Universidad/Educación,Biobío,Para la postulaciÃ³n presentar copias legibles. Se deberÃ¡n presentar en original para la contrataciÃ³n,,2026-04-16T05:47:25.644383Z,https://ubiobio.cl/concursos/,https://ubiobio.cl/concursos/,False,False
4436,Universidad de La Frontera,UFRO,Sitio propio,Universidad/Educación,La Araucanía,No olvides revisar cada postulación y los antecedentes solicitados No olvides registrarte El registro se realiza en Portal Empleos UFRO. Descarga Currículo de Postulación No olv...,,2026-04-17T17:24:28.503950Z,http://extranet.ufro.cl/concursos/ver_registrar.php,http://extranet.ufro.cl/concursos/ver_registrar.php,False,False
4429,Comisión Nacional de Acreditación,CNA,Sitio propio,Autónomo/Regulador,Nacional,POSTULACIÓN,,2026-04-16T05:38:36.423693Z,https://www.cnachile.cl/Paginas/Trabaje-con-nosotros.aspx#tabs-1,https://www.cnachile.cl/Paginas/Trabaje-con-nosotros.aspx#tabs-1,False,False
4428,Consejo para la Transparencia,CPLT,Sitio propio,Autónomo/Regulador,Nacional,Revisar los procesos de selección en ejecución y sus resultados,,2026-04-16T05:38:27.206968Z,https://www.consejotransparencia.cl/trabaja-con-nosotros/,https://www.consejotransparencia.cl/trabaja-con-nosotros/,True,True
4424,Defensoría Penal Pública,DPP,Sitio propio + empleospublicos.cl,Autónomo/Regulador,Nacional,Pruebas técnicas aplicadas,,2026-04-16T05:38:05.848395Z,http://www.dpp.cl/repositorio/174/21,http://www.dpp.cl/repositorio/174/21,False,False
4422,Defensoría Penal Pública,DPP,Sitio propio + empleospublicos.cl,Autónomo/Regulador,Nacional,Concursos abiertos,,2026-04-16T05:38:05.848395Z,https://www.dpp.cl/concursos/listado/1/concursos-abiertos,https://www.dpp.cl/concursos/listado/1/concursos-abiertos,False,False
4421,Defensoría Penal Pública,DPP,Sitio propio + empleospublicos.cl,Autónomo/Regulador,Nacional,Portada,,2026-04-16T05:38:05.848395Z,https://www.dpp.cl/index,https://www.dpp.cl/index,False,False
4418,Defensoría Penal Pública,DPP,Sitio propio + empleospublicos.cl,Autónomo/Regulador,Nacional,Información de postulación,,2026-04-16T05:38:05.848395Z,https://www.dpp.cl/pag/330/21,https://www.dpp.cl/pag/330/21,False,False
4417,Defensoría Penal Pública,DPP,Sitio propio + empleospublicos.cl,Autónomo/Regulador,Nacional,Concursos cerrados,,2026-04-16T05:38:05.848395Z,https://www.dpp.cl/concursos/listado/0/concursos_cerrados,https://www.dpp.cl/concursos/listado/0/concursos_cerrados,False,False
4416,Defensoría Penal Pública,DPP,Sitio propio + empleospublicos.cl,Autónomo/Regulador,Nacional,Concursos en Proceso,,2026-04-16T05:38:05.848395Z,https://www.dpp.cl/concursos/listado/2/concursos_en_proceso,https://www.dpp.cl/concursos/listado/2/concursos_en_proceso,False,False
4414,Ministerio Público — Fiscalía de Chile,FISCALIA,Trabajando.cl,Autónomo/Regulador,Nacional,Postulaciones Fiscalía Supraterritorial,,2026-04-16T05:37:56.621681Z,https://www.fiscaliadechile.cl/trabaja-con-nosotros/concursossupraterritorial,https://www.fiscaliadechile.cl/trabaja-con-nosotros/concursossupraterritorial,True,True
1514,Instituto Nacional de Derechos Humanos,INDH,Portal propio,Autónomo/Regulador,Nacional,Información histórica de procesos de selección,,2026-04-15T20:57:03.011439Z,https://www.indh.cl/transparencia/concursos/,https://www.indh.cl/transparencia/concursos/,False,False
1513,Instituto Nacional de Derechos Humanos,INDH,Portal propio,Autónomo/Regulador,Nacional,Proceso selección,,2026-04-15T20:57:03.011439Z,https://seleccionpersonal.indh.cl/,https://seleccionpersonal.indh.cl/,False,False
1510,Corporación Municipal de Melipilla,CM Melipilla,Sitio propio,Municipal,Metropolitana de Santiago,Formulario de postulación,,2026-04-15T20:56:35.228157Z,https://corpomelipilla.cl/trabaja-en-la-corpo/,https://corpomelipilla.cl/trabaja-en-la-corpo/,True,True
1508,Corporación Municipal de Melipilla,CM Melipilla,Sitio propio,Municipal,Metropolitana de Santiago,"Están abiertas las inscripciones para postular al cargo de Director/a Informamos que en la página web Directores para Chile (www.directoresparachile.cl), ya está abierta la conv...",,2026-04-15T20:56:35.228157Z,https://www.directoresparachile.cl/pub/convocatorias/convocatorias.aspx?s=1&convocatorias-abiertas&r=15,https://corpomelipilla.cl/wp-content/uploads/2023/02/Proceso-de-Seleccion-Directora-Jardin.pdf,True,True
1499,Corporación de Salud y Educación de Las Condes,CORPLC,Sitio propio,Municipal,Metropolitana de Santiago,1 de 0,,2026-04-15T20:56:01.427524Z,https://tcn.corplascondes.cl/,https://tcn.corplascondes.cl/,True,True
1492,Corporación de Educación de Maipú,CODEDUC,WordPress,Municipal,Metropolitana de Santiago,EDUC. TÉC. PROFESIONAL,,2026-04-17T07:53:52.372970Z,http://www.codeduc.cl/trabaja-con-nosotros/,http://www.codeduc.cl/trabaja-con-nosotros/,False,False
1491,Corporación de Educación de Maipú,CODEDUC,WordPress,Municipal,Metropolitana de Santiago,Directorio,,2026-04-17T07:53:52.372970Z,https://www.codeduc.cl/directorio/,https://www.codeduc.cl/directorio/,False,False
1486,Corporación Municipal de Punta Arenas,CORMUPA,Sitio propio,Municipal,Magallanes,1. Formulario de postulación TENS PTAC,,2026-04-17T07:53:27.603065Z,https://forms.gle/NNTdoKV1rFNyo3PC9,https://forms.gle/NNTdoKV1rFNyo3PC9,True,True
1484,Corporación Municipal de Punta Arenas,CORMUPA,Sitio propio,Municipal,Magallanes,1. Formulario de postulación SUPERVISOR DE RECEPCIÓN,,2026-04-17T07:53:27.603065Z,https://forms.gle/m7GtxwJGKRZGmT448,https://drive.google.com/file/d/1-ykrxrXHyE7YwtnwnVx4vBHzq4z4aBb0/view?usp=drive_link,False,True
1482,Corporación Municipal de Punta Arenas,CORMUPA,Sitio propio,Municipal,Magallanes,1. Formulario de postulación Profesional de Apoyo,,2026-04-17T07:53:27.603065Z,https://forms.gle/B8E514E2TAQd6JxD8,https://drive.google.com/file/d/1FvgV92R4Xl4HD_Am8PKYPILohMggi37-/view?usp=drive_link,False,True
1463,Corporación Municipal de Ancud,CM Ancud,WordPress,Municipal,Los Lagos,Bases Concurso Público Director Liceo Bicentenario de Ancud.,,2026-04-17T07:51:50.367966Z,http://www.corporacionancud.cl/inicio/bases-concurso-publico-director-liceo-bicentenario-de-ancud/,http://www.corporacionancud.cl/inicio/bases-concurso-publico-director-liceo-bicentenario-de-ancud/,False,False
1462,Corporación Municipal de Ancud,CM Ancud,WordPress,Municipal,Los Lagos,Bases Concurso Público Director Liceo Polivalente de Ancud.,,2026-04-17T07:51:50.367966Z,http://www.corporacionancud.cl/inicio/bases-concurso-publico-director-liceo-polivalente-de-ancud/,http://www.corporacionancud.cl/inicio/bases-concurso-publico-director-liceo-polivalente-de-ancud/,False,False
1461,Corporación Municipal de Ancud,CM Ancud,WordPress,Municipal,Los Lagos,BASES CONCURSO PÚBLICO DIRECTOR/A ESTABLECIMIENTO MUNICIPAL LICEO BICENTENARIO DE ANCUD,,2026-04-17T07:51:50.367966Z,http://www.corporacionancud.cl/inicio/bases-concurso-publico-directora-establecimiento-municipal-liceo-bicentenario-de-ancud/,http://www.corporacionancud.cl/inicio/bases-concurso-publico-directora-establecimiento-municipal-liceo-bicentenario-de-ancud/,True,True
1460,Corporación Municipal de Ancud,CM Ancud,WordPress,Municipal,Los Lagos,BASES CONCURSO PÚBLICO DIRECTOR/A ESTABLECIMIENTO MUNICIPAL LICEO POLIVALENTE DE ANCUD,,2026-04-17T07:51:50.367966Z,http://www.corporacionancud.cl/inicio/bases-concurso-publico-directora-establecimiento-municipal-liceo-polivalente-de-ancud/,http://www.corporacionancud.cl/inicio/bases-concurso-publico-directora-establecimiento-municipal-liceo-polivalente-de-ancud/,False,False
1459,Corporación Municipal de Ancud,CM Ancud,WordPress,Municipal,Los Lagos,BASES DE LLAMADO A CONCURSO PUBLICO PARA DIRECTORES CESFAM COMUNA ANCUD,,2026-04-17T07:51:50.367966Z,http://www.corporacionancud.cl/inicio/bases-de-llamado-a-concurso-publico-para-directores-cesfam-comuna-ancud/,http://www.corporacionancud.cl/inicio/bases-de-llamado-a-concurso-publico-para-directores-cesfam-comuna-ancud/,True,True
1458,Corporación Municipal de Ancud,CM Ancud,WordPress,Municipal,Los Lagos,BASES CONCURSO PÚBLICO PARA DIRECTORA O DIRECTOR DE CENTROS DE SALUD...,,2026-04-17T07:51:50.367966Z,http://www.corporacionancud.cl/inicio/bases-concurso-publico-directora-o-director-centros-de-salud-familiar-corporacion-municipal-de-ancud-2025/,http://www.corporacionancud.cl/inicio/bases-concurso-publico-directora-o-director-centros-de-salud-familiar-corporacion-municipal-de-ancud-2025/,False,False
1457,Corporación Municipal de Ancud,CM Ancud,WordPress,Municipal,Los Lagos,BASES CONCURSO PÚBLICO DIRECTORA O DIRECTOR CENTROS DE SALUD FAMILIAR ANCUD...,,2026-04-17T07:51:50.367966Z,http://www.corporacionancud.cl/inicio/bases-concurso-publicodirectora-o-director-centro-de-salud-familiar/,http://www.corporacionancud.cl/inicio/bases-concurso-publicodirectora-o-director-centro-de-salud-familiar/,False,False
1456,Corporación Municipal de Ancud,CM Ancud,WordPress,Municipal,Los Lagos,Directorio Corporacion Municipal,,2026-04-17T07:51:50.367966Z,http://www.corporacionancud.cl/inicio/directorio-corporacion-municipal/,http://www.corporacionancud.cl/inicio/directorio-corporacion-municipal/,True,True
1449,Corporación Municipal de San Fernando,CORMUSAF,WordPress,Municipal,O'Higgins,CONCURSO PUBLICO MED..>,,2026-04-15T20:52:40.359993Z,https://cormusaf.cl/concursos/CONCURSO%20PUBLICO%20MEDICO%20SAPU.pdf,https://cormusaf.cl/concursos/CONCURSO%20PUBLICO%20MEDICO%20SAPU.pdf,True,True
1447,Corporación Municipal de San Fernando,CORMUSAF,WordPress,Municipal,O'Higgins,Bases CONDUCTOR AMBU..>,,2026-04-15T20:52:40.359993Z,https://cormusaf.cl/concursos/Bases%20CONDUCTOR%20AMBULANCIA%20SAPU%20DIFERIDO%202025%20(1).pdf,https://cormusaf.cl/concursos/Bases%20CONDUCTOR%20AMBULANCIA%20SAPU%20DIFERIDO%202025%20(1).pdf,True,True
1434,Corporación Municipal de Valparaíso,CORMUVAL,WordPress,Municipal,Valparaíso,Oferta Laboral | Proceso de selección para cargo de Matrona Clínica por 33 horas,,2026-04-17T07:50:20.706524Z,https://cmvalparaiso.cl/oferta-laboral-proceso-de-seleccion-para-cargo-de-matrona-clinica-por-33-horas/,https://cmvalparaiso.cl/wp-content/uploads/2026/02/Perfil-de-Cargo-MATRONA-CLINICA-2026.docx.pdf,False,False
1428,Corporación Municipal de Desarrollo Social de Antofagasta,CMDS Antofagasta,WordPress,Municipal,Antofagasta,CMDS inicia sumarios por viajes al extranjero de funcionarios con licencia médica,,2026-04-15T20:51:37.391735Z,https://www.cmds.cl/cmds-inicia-sumarios-por-viajes-al-extranjero-de-funcionarios-con-licencia-medica/,https://www.cmds.cl/cmds-inicia-sumarios-por-viajes-al-extranjero-de-funcionarios-con-licencia-medica/,False,False
1427,Corporación Municipal de Desarrollo Social de Antofagasta,CMDS Antofagasta,WordPress,Municipal,Antofagasta,Corporación Municipal lleva el caso licencias médicas hasta la Fiscalía,,2026-04-15T20:51:37.391735Z,https://www.cmds.cl/corporacion-municipal-lleva-el-caso-licencias-medicas-hasta-la-fiscalia/,https://www.cmds.cl/corporacion-municipal-lleva-el-caso-licencias-medicas-hasta-la-fiscalia/,False,False
1421,Municipalidad de Timaukel,M.Timaukel,WordPress,Municipal,Magallanes,"JEFATURA GRADO 11°, CONTRATA, título profesional de Ing. en Administración de Empresas, mención RRHH o gestión de personas, Contador auditor o carrera a fin (CERRADO)",,2026-04-17T07:45:49.936776Z,https://munitimaukel.cl/concurso-publico/jefatura-grado-11-contrata-titulo-profesional-de-ing-en-administracion-de-empresas-mencion-rrhh-o-gestion-de-personas-contador-auditor-o-carrera-a-fin/,https://munitimaukel.cl/concurso-publico/jefatura-grado-11-contrata-titulo-profesional-de-ing-en-administracion-de-empresas-mencion-rrhh-o-gestion-de-personas-contador-auditor-o-carrera-a-fin/,False,False
1420,Municipalidad de Timaukel,M.Timaukel,WordPress,Municipal,Magallanes,"PROFESIONAL ÁREA SOCIAL, HONORARIOS. (CERRADO)",,2026-04-17T07:45:49.936776Z,https://munitimaukel.cl/concurso-publico/profesional-area-social-honorarios/,https://munitimaukel.cl/concurso-publico/profesional-area-social-honorarios/,False,False
1419,Municipalidad de Timaukel,M.Timaukel,WordPress,Municipal,Magallanes,PROFESIONAL A CONTRATA PARA SECPLAN,,2026-04-17T07:45:49.936776Z,https://munitimaukel.cl/concurso-publico/profesional-a-contrata-para-secplan/,https://munitimaukel.cl/concurso-publico/profesional-a-contrata-para-secplan/,False,False
1416,Municipalidad de Torres del Paine,M.Torres del Paine,WordPress,Municipal,Magallanes,Enlaces a postulaciones,,2026-04-17T07:45:17.649940Z,https://www.munitorresdelpaine.cl/enlaces-a-postulaciones/,https://www.munitorresdelpaine.cl/enlaces-a-postulaciones/,True,True
1397,Municipalidad de San Gregorio,M.San Gregorio,WordPress,Municipal,Magallanes,CARGO DE DIRECTIVO – GRADO 10° EN LA PLANTA DE PERSONAL DE LA ILUSTRE MUNICIPALIDAD DE SAN GREGORIO,,2026-04-17T07:43:59.064246Z,https://sangregorio.cl/2025/12/24/cargo-de-directivo-grado-10-en-la-planta-de-personal-de-la-ilustre-municipalidad-de-san-gregorio/,https://sangregorio.cl/2025/12/24/cargo-de-directivo-grado-10-en-la-planta-de-personal-de-la-ilustre-municipalidad-de-san-gregorio/,True,True
1394,Municipalidad de San Gregorio,M.San Gregorio,WordPress,Municipal,Magallanes,BASES CONCURSO ESCALAFON ADMINISTRATIVOS GRADO 16° PLANTA MUNICIPAL,,2026-04-17T07:43:59.064246Z,https://sangregorio.cl/2026/04/15/bases-concurso-escalafon-administrativos-grado-16-planta-municipal-2/,https://drive.google.com/file/d/1TOrSkIo2IshUXaSfOi8T5UN35fDgvui_/view?usp=sharing,True,True
1388,Municipalidad de Guaitecas,M.Guaitecas,WordPress,Municipal,Aysén,Nueva convocatoria para Programa de Diversificación Productiva,,2026-04-17T07:42:37.440009Z,https://muniguaitecas.cl/2026/01/30/nueva-convocatoria-para-programa-de-diversificacion-productiva/,https://muniguaitecas.cl/wp-content/uploads/2026/01/D-A-N°109-30-01-2026-Revoca-proceso-de-llamado-a-concurso-publico_small.pdf,True,True
1384,Municipalidad de Lago Verde,M.Lago Verde,WordPress,Municipal,Aysén,CROCHET TYS,,2026-04-15T20:45:52.416658Z,https://comunalagoverde.cl/camila-torres/,https://comunalagoverde.cl/camila-torres/,True,True
1383,Municipalidad de Lago Verde,M.Lago Verde,WordPress,Municipal,Aysén,CONCURSO PÚBLICO SECRETARIO MUNICIPAL,,2026-04-15T20:45:52.416658Z,https://comunalagoverde.cl/concurso-publico-secretario-municipal/,https://lagoverdeaysen.cl/documentos/07.Acto%20con%20efecto%20sobre%20terceros/Concursos_/Decreto%20N%C2%BA%20229%20amplia%20plazo%20concurso%20secretario%20municipal.pdf,True,False
1382,Municipalidad de Palena,M.Palena,WordPress,Municipal,Los Lagos,CONCURSO ABOGADA/O CENTRO DE LAS MUJERES PALENA,,2026-04-17T07:41:45.241814Z,https://municipalidadpalena.cl/concurso-abogada-o-centro-de-las-mujeres-palena/,https://municipalidadpalena.cl/wp-content/uploads/2026/02/BASES-CONCURSO-ABOGADA-O-CDM.pdf,True,True
1381,Municipalidad de Palena,M.Palena,WordPress,Municipal,Los Lagos,Convocatoria: Encargado(a) de Biblioteca Municipal (Palena),,2026-04-17T07:41:45.241814Z,https://municipalidadpalena.cl/convocatoria-encargadoa-de-biblioteca-municipal-palena/,https://municipalidadpalena.cl/wp-content/uploads/2026/03/Bases-convocatoria-Biblioteca.pdf,True,True
1380,Municipalidad de Hualaihué,M.Hualaihué,WordPress,Municipal,Los Lagos,Concurso Público Ilustre Municipalidad de Hualaihué,,2026-04-17T07:41:36.193689Z,https://municipalidadhualaihue.cl/concurso-publico-ilustre-municipalidad-de-hualaihue-4/,https://municipalidadhualaihue.cl/wp-content/uploads/2026/03/Bases.pdf,False,False
1377,Municipalidad de San Juan de la Costa,M.San Juan de la Costa,WordPress,Municipal,Los Lagos,Postulación a puestos de venta en carpa municipal,,2026-04-17T07:38:33.543939Z,https://sanjuandelacosta.cl/2025/12/19/postulacion-a-puestos-de-venta-en-carpa-municipal/,https://sanjuandelacosta.cl/2025/12/19/postulacion-a-puestos-de-venta-en-carpa-municipal/,True,True
1376,Municipalidad de San Juan de la Costa,M.San Juan de la Costa,WordPress,Municipal,Los Lagos,Oferta Laboral: Revisa las bases del concurso público para el Centro Comunitario de Cuidados de Puaucho,,2026-04-17T07:38:33.543939Z,https://sanjuandelacosta.cl/2026/01/14/oferta-laboral-revisa-las-bases-del-concurso-publico-para-el-centro-comunitario-de-cuidados-de-puaucho-y-huali/,https://sanjuandelacosta.cl/archivosvarios/concursos/concurso_ccc-puaucho-2026.pdf,False,False
1375,Municipalidad de San Juan de la Costa,M.San Juan de la Costa,WordPress,Municipal,Los Lagos,Oferta Laboral: Revisa las bases del concurso público para el Centro Comunitario de Cuidados de Huali,,2026-04-17T07:38:33.543939Z,https://sanjuandelacosta.cl/2026/01/14/oferta-laboral-revisa-las-bases-del-concurso-publico-para-el-centro-comunitario-de-cuidados-de-huali/,https://sanjuandelacosta.cl/archivosvarios/concursos/concurso_ccc-huali-2026.pdf,False,False
1373,Municipalidad de San Juan de la Costa,M.San Juan de la Costa,WordPress,Municipal,Los Lagos,Oferta laboral: Gestor/a Psicoemocional,,2026-04-17T07:38:33.543939Z,https://sanjuandelacosta.cl/2026/01/30/oferta-laboral-gestor-a-psicoemocional/,https://sanjuandelacosta.cl/2026/01/30/oferta-laboral-gestor-a-psicoemocional/,False,False
1369,Municipalidad de Quemchi,M.Quemchi,WordPress,Municipal,Los Lagos,JEFE DE GABINETE,,2026-04-17T07:37:18.428070Z,https://www.muniquemchi.cl/alcaldia/jefe-de-gabinete/,https://www.muniquemchi.cl/alcaldia/jefe-de-gabinete/,False,False
1367,Corporación Municipal de Quellón,CM Quellón,WordPress,Municipal,Los Lagos,PERSONAL DE SEGURIDAD PÚBLICA MUNICIPAL DETECTA VEHÍCULO CON ENCARGO VIGENTE POR ROBO EN QUELLÓN,,2026-04-17T07:52:52.444054Z,https://muniquellon.cl/personal-de-seguridad-publica-municipal-detecta-vehiculo-con-encargo-vigente-por-robo-en-quellon/,https://muniquellon.cl/personal-de-seguridad-publica-municipal-detecta-vehiculo-con-encargo-vigente-por-robo-en-quellon/,True,True
1365,Corporación Municipal de Quellón,CM Quellón,WordPress,Municipal,Los Lagos,PREMIACIÓN DEL CONCURSO DE POESÍA Y RELATOS “QUELLÓN EN 200 PALABRAS”,,2026-04-17T07:52:52.444054Z,https://muniquellon.cl/premiacion-del-concurso-de-poesia-y-relatos-quellon-en-200-palabras/,https://muniquellon.cl/premiacion-del-concurso-de-poesia-y-relatos-quellon-en-200-palabras/,True,True
1360,Corporación Municipal de Puqueldón,CM Puqueldón,WordPress,Municipal,Los Lagos,Ilustre Municipalidad de Puqueldón abre concurso público para Profesional PRODESAL,,2026-04-15T20:54:53.576934Z,https://munipuqueldon.cl/2026/03/05/ilustre-municipalidad-de-puqueldon-abre-concurso-publico-para-profesional-prodesal/,https://munipuqueldon.cl/wp-content/uploads/2026/03/BASES-CONCURSO-2026.pdf,False,True
1357,Corporación Municipal de Curaco de Vélez,CM Curaco de Vélez,WordPress,Municipal,Los Lagos,Llamado a concurso tecnico asesor media jornada programa PDTI,,2026-04-15T20:54:44.852686Z,https://curacodevelez.cl/web/documentos/llamado-a-concurso-tecnico-asesor-media-jornada-programa-pdti/,https://curacodevelez.cl/web/documentos/llamado-a-concurso-tecnico-asesor-media-jornada-programa-pdti/,False,False
1356,Corporación Municipal de Curaco de Vélez,CM Curaco de Vélez,WordPress,Municipal,Los Lagos,LLamado a concurso público Coordinador PDTI,,2026-04-15T20:54:44.852686Z,https://curacodevelez.cl/web/documentos/llamado-a-concurso-publico-coordinador-pdti/,https://curacodevelez.cl/web/documentos/llamado-a-concurso-publico-coordinador-pdti/,False,False
1333,Municipalidad de Calbuco,M.Calbuco,WordPress,Municipal,Los Lagos,Concurso Público – Técnico Agrícola PRODESAL,,2026-04-17T07:33:48.644493Z,https://www.municipalidadcalbuco.cl/?p=59240,https://www.municipalidadcalbuco.cl/?p=59240,False,False
1332,Municipalidad de Calbuco,M.Calbuco,WordPress,Municipal,Los Lagos,Llamado a Concurso Público – Veterinario(a) PRODESAL,,2026-04-17T07:33:48.644493Z,https://www.municipalidadcalbuco.cl/?p=59284,https://www.municipalidadcalbuco.cl/?p=59284,True,True
1331,Municipalidad de Calbuco,M.Calbuco,WordPress,Municipal,Los Lagos,CONCURSO PUBLICO,,2026-04-17T07:33:48.644493Z,https://www.municipalidadcalbuco.cl/?p=59616,https://www.municipalidadcalbuco.cl/?p=59616,False,False
1330,Municipalidad de Calbuco,M.Calbuco,WordPress,Municipal,Los Lagos,Concurso público Prodesal Calbuco,,2026-04-17T07:33:48.644493Z,https://www.municipalidadcalbuco.cl/?p=59655,https://www.municipalidadcalbuco.cl/?p=59655,True,True
1329,Municipalidad de Calbuco,M.Calbuco,WordPress,Municipal,Los Lagos,Concurso Público Administrativo Grado 18,,2026-04-17T07:33:48.644493Z,https://www.municipalidadcalbuco.cl/?p=59743,https://www.municipalidadcalbuco.cl/?p=59743,True,True
1317,Municipalidad de Panguipulli,M.Panguipulli,WordPress,Municipal,Los Ríos,Corporacion Municipal está notificando a los funcionarios de salud que viajaron fuera del país con licencia medica,,2026-04-17T07:33:04.608038Z,https://municipalidadpanguipulli.cl/archivos/46893,https://municipalidadpanguipulli.cl/archivos/46893,False,False
1316,Municipalidad de Panguipulli,M.Panguipulli,WordPress,Municipal,Los Ríos,"Concejo Municipal pone término anticipado a la concesión con Verde Sur SPA por provisión de mano de obra de aseo, estafetas y personal auxiliar",,2026-04-17T07:33:04.608038Z,https://municipalidadpanguipulli.cl/archivos/47016,https://municipalidadpanguipulli.cl/archivos/47016,False,False
1313,Municipalidad de Paillaco,M.Paillaco,WordPress,Municipal,Los Ríos,Municipalidad de Paillaco y CONAF firman convenio para fortalecer el hermoseamiento y cuidado de áreas verdes,,2026-04-17T07:32:20.206402Z,https://www.munipaillaco.cl/municipalidad-de-paillaco-y-conaf-firman-convenio-para-fortalecer-el-hermoseamiento-y-cuidado-de-areas-verdes/,https://www.munipaillaco.cl/municipalidad-de-paillaco-y-conaf-firman-convenio-para-fortalecer-el-hermoseamiento-y-cuidado-de-areas-verdes/,True,True
1312,Municipalidad de Paillaco,M.Paillaco,WordPress,Municipal,Los Ríos,Corte Suprema valida decisión de la Municipalidad de Paillaco y descarta arbitrariedad en no renovación de contrata,,2026-04-17T07:32:20.206402Z,https://www.munipaillaco.cl/corte-suprema-valida-decision-de-la-municipalidad-de-paillaco-y-descarta-arbitrariedad-en-no-renovacion-de-contrata/,https://www.munipaillaco.cl/corte-suprema-valida-decision-de-la-municipalidad-de-paillaco-y-descarta-arbitrariedad-en-no-renovacion-de-contrata/,True,True
1309,Municipalidad de Paillaco,M.Paillaco,WordPress,Municipal,Los Ríos,Municipalidad de Paillaco gana nuevo juicio y frena demanda infundada de ex funcionario,,2026-04-17T07:32:20.206402Z,https://www.munipaillaco.cl/municipalidad-de-paillaco-gana-nuevo-juicio-y-frena-demanda-infundada-de-ex-funcionario/,https://www.munipaillaco.cl/municipalidad-de-paillaco-gana-nuevo-juicio-y-frena-demanda-infundada-de-ex-funcionario/,False,False
1301,Municipalidad de Corral,M.Corral,Trabajando.cl/OMIL,Municipal,Los Ríos,Descarga aquí las bases,,2026-04-17T07:31:09.814355Z,http://www.municipalidadcorral.cl/storage/BASES%20CONCURSOS%202025/BASES%202026/ABRIL/Bases%20Concurso%20PPL%20Social.pdf,http://www.municipalidadcorral.cl/storage/BASES%20CONCURSOS%202025/BASES%202026/ABRIL/Bases%20Concurso%20PPL%20Social.pdf,False,False
1296,Municipalidad de Purén,M.Purén,WordPress,Municipal,La Araucanía,Postula Concurso Públicos,,2026-04-15T20:36:01.724185Z,https://munipuren.cl/postula-concurso-publicos/,https://munipuren.cl/postula-concurso-publicos/,True,True
1293,Municipalidad de Purén,M.Purén,WordPress,Municipal,La Araucanía,CONCURSO PUBLICO OLN,,2026-04-15T20:36:01.724185Z,https://munipuren.cl/concurso-publico-oln/,https://munipuren.cl/concurso-publico-oln/,True,True
1292,Municipalidad de Purén,M.Purén,WordPress,Municipal,La Araucanía,Concurso Publico Honorario PDTI,,2026-04-15T20:36:01.724185Z,https://munipuren.cl/concurso-publico-honorario-pdti/,https://munipuren.cl/concurso-publico-honorario-pdti/,True,True
1288,Municipalidad de Collipulli,M.Collipulli,WordPress,Municipal,La Araucanía,Directorio,,2026-04-17T07:29:26.722944Z,https://municipalidadcollipulli.cl/directorio/,https://municipalidadcollipulli.cl/directorio/,True,True
1282,Municipalidad de Villarrica,M.Villarrica,WordPress,Municipal,La Araucanía,LICEO BICENTENARIO DE EXCELENCIA POLITÉCNICO DE VILLARRICA FORTALECE SU OFERTA TÉCNICO PROFESIONAL CON SEIS ESPECIALIDADES ORIENTADAS AL MUNDO LABORAL,,2026-04-17T07:28:57.974325Z,https://www.munivillarrica.cl/2026/04/liceo-bicentenario-de-excelencia-politecnico-de-villarrica-fortalece-su-oferta-tecnico-profesional-con-seis-especialidades-orientadas-al-mundo-laboral/,https://www.munivillarrica.cl/2026/04/liceo-bicentenario-de-excelencia-politecnico-de-villarrica-fortalece-su-oferta-tecnico-profesional-con-seis-especialidades-orientadas-al-mundo-laboral/,False,False
1276,Municipalidad de Pucón,M.Pucón,WordPress,Municipal,La Araucanía,Concurso Público para Dirección de Obras,,2026-04-15T20:30:50.969180Z,https://municipalidadpucon.cl/?page_id=89#d57ee4559bed6813c,https://municipalidadpucon.cl/?page_id=89#d57ee4559bed6813c,True,True
1272,Municipalidad de Pucón,M.Pucón,WordPress,Municipal,La Araucanía,Llamado a Concurso Público Profesional grado 10°,,2026-04-15T20:30:50.969180Z,https://municipalidadpucon.cl/?page_id=89#ebcbd57706901d95a,https://municipalidadpucon.cl/?page_id=89#ebcbd57706901d95a,True,True
1270,Municipalidad de Pucón,M.Pucón,WordPress,Municipal,La Araucanía,Llamado a Concurso Público Técnico grado 15°,,2026-04-15T20:30:50.969180Z,https://municipalidadpucon.cl/?page_id=89#6247450765e8ec1f8,https://municipalidadpucon.cl/?page_id=89#6247450765e8ec1f8,False,False
1268,Municipalidad de Pucón,M.Pucón,WordPress,Municipal,La Araucanía,Llamado a Concurso Público Administrativo grado 18°,,2026-04-15T20:30:50.969180Z,https://municipalidadpucon.cl/?page_id=89#1d800340184664abd,https://municipalidadpucon.cl/?page_id=89#1d800340184664abd,False,False
1265,Municipalidad de Pucón,M.Pucón,WordPress,Municipal,La Araucanía,Llamado a Concursos Públicos Auxiliares grado 15° y 17°,,2026-04-15T20:30:50.969180Z,https://municipalidadpucon.cl/?page_id=89#54eeb8f8c5b3f1f35,https://municipalidadpucon.cl/?page_id=89#54eeb8f8c5b3f1f35,True,True
1263,Municipalidad de Pucón,M.Pucón,WordPress,Municipal,La Araucanía,Llamado a Concurso Público Técnico grado 13°,,2026-04-15T20:30:50.969180Z,https://municipalidadpucon.cl/?page_id=89#d85ede008c08daf58,https://municipalidadpucon.cl/?page_id=89#d85ede008c08daf58,True,True
1260,Municipalidad de Pucón,M.Pucón,WordPress,Municipal,La Araucanía,Llamado a Concurso Público Administrativo grado 16°,,2026-04-15T20:30:50.969180Z,https://municipalidadpucon.cl/?page_id=89#978a6e375aceba7f2,https://municipalidadpucon.cl/?page_id=89#978a6e375aceba7f2,True,True
1253,Municipalidad de Pucón,M.Pucón,WordPress,Municipal,La Araucanía,Concurso Director Departamento de Salud Pucón,,2026-04-15T20:30:50.969180Z,https://municipalidadpucon.cl/?page_id=89#d8d8248e1f07d6884,https://municipalidadpucon.cl/?page_id=89#d8d8248e1f07d6884,True,True
1156,Municipalidad de Pucón,M.Pucón,WordPress,Municipal,La Araucanía,Llamado Concurso Público Programa PDTI,,2026-04-15T20:30:50.969180Z,https://municipalidadpucon.cl/?page_id=89#0e3b2bf0d4f748457,https://municipalidadpucon.cl/?page_id=89#0e3b2bf0d4f748457,True,True
1151,Municipalidad de Pucón,M.Pucón,WordPress,Municipal,La Araucanía,Llamado Concurso Público Departamento de Salud,,2026-04-15T20:30:50.969180Z,https://municipalidadpucon.cl/?page_id=89#04d8f1734a28ec879,https://municipalidadpucon.cl/?page_id=89#04d8f1734a28ec879,True,True
1147,Municipalidad de Pucón,M.Pucón,WordPress,Municipal,La Araucanía,Llamado Concurso Público Coordinador(a) OPD,,2026-04-15T20:30:50.969180Z,https://municipalidadpucon.cl/?page_id=89#bb6ee803aa53765e9,https://municipalidadpucon.cl/?page_id=89#bb6ee803aa53765e9,True,True
1137,Municipalidad de Pucón,M.Pucón,WordPress,Municipal,La Araucanía,Llamado a Concurso Interno Departamento de Salud Municipalidad de Pucón,,2026-04-15T20:30:50.969180Z,https://municipalidadpucon.cl/?page_id=89#dbe09cee1d7c4420e,https://municipalidadpucon.cl/?page_id=89#dbe09cee1d7c4420e,True,True
1136,Municipalidad de Pucón,M.Pucón,WordPress,Municipal,La Araucanía,Llamado Concurso Público Monitor/a Programa 4 a 7,,2026-04-15T20:30:50.969180Z,https://municipalidadpucon.cl/?page_id=89#2aca2a7be77ee14cf,https://municipalidadpucon.cl/?page_id=89#2aca2a7be77ee14cf,True,True
1134,Municipalidad de Pucón,M.Pucón,WordPress,Municipal,La Araucanía,"Concurso para proveer el cargo de Psicóloga/o Apoyo Profesional, Oficina de la Mujer Municipalidad de Pucón",,2026-04-15T20:30:50.969180Z,https://municipalidadpucon.cl/?page_id=89#d8e65e5f52e7c1f29,https://municipalidadpucon.cl/?page_id=89#d8e65e5f52e7c1f29,True,True
1133,Municipalidad de Pucón,M.Pucón,WordPress,Municipal,La Araucanía,Concurso para proveer el cargo Ejecutor Programa Habilidades para la Vida,,2026-04-15T20:30:50.969180Z,https://municipalidadpucon.cl/?page_id=89#8bca6f659391def41,https://municipalidadpucon.cl/?page_id=89#8bca6f659391def41,True,True
1121,Municipalidad de Pucón,M.Pucón,WordPress,Municipal,La Araucanía,Técnico media jornada PDTI Pucón,,2026-04-15T20:30:50.969180Z,https://www.indap.gob.cl/concursos/concursos-de-equipos-tecnicos-prodesal-y-pdti/llamado-concurso-1-tecnico-pdti-pucon,https://www.indap.gob.cl/concursos/concursos-de-equipos-tecnicos-prodesal-y-pdti/llamado-concurso-1-tecnico-pdti-pucon,False,False
1120,Municipalidad de Pucón,M.Pucón,WordPress,Municipal,La Araucanía,Llamado a concurso técnico PDTI media jornada Pucón (Actualizado),,2026-04-15T20:30:50.969180Z,https://municipalidadpucon.cl/?page_id=89#6bbcdffae4c8cb3a1,https://municipalidadpucon.cl/?page_id=89#6bbcdffae4c8cb3a1,True,True
1118,Municipalidad de Pucón,M.Pucón,WordPress,Municipal,La Araucanía,Concurso Provisión Cargo Psicóloga Apoyo Profesional-PSMEG,,2026-04-15T20:30:50.969180Z,https://municipalidadpucon.cl/?page_id=89#1cb6b1ad3b226f537,https://municipalidadpucon.cl/?page_id=89#1cb6b1ad3b226f537,True,True
1116,Municipalidad de Pucón,M.Pucón,WordPress,Municipal,La Araucanía,Llamado Concurso Público Departamento de Salud (CESFAM),,2026-04-15T20:30:50.969180Z,https://municipalidadpucon.cl/?page_id=89#c734b93c9f1820452,https://municipalidadpucon.cl/?page_id=89#c734b93c9f1820452,True,True
1114,Municipalidad de Pucón,M.Pucón,WordPress,Municipal,La Araucanía,Llamado Concurso Coordinador del Programa de Desarrollo Local (PRODESAL),,2026-04-15T20:30:50.969180Z,https://municipalidadpucon.cl/?page_id=89#c6c8f8a2032d1389b,https://municipalidadpucon.cl/?page_id=89#c6c8f8a2032d1389b,True,True
1112,Municipalidad de Pucón,M.Pucón,WordPress,Municipal,La Araucanía,Llamado Concurso Asistente Técnico de funciones no habituales de Cultura,,2026-04-15T20:30:50.969180Z,https://municipalidadpucon.cl/?page_id=89#a6b13330dd646adab,https://municipalidadpucon.cl/?page_id=89#a6b13330dd646adab,True,True
1111,Municipalidad de Pucón,M.Pucón,WordPress,Municipal,La Araucanía,"Llamado Concurso Público, Monitor/a Programa 4 a 7",,2026-04-15T20:30:50.969180Z,https://municipalidadpucon.cl/?page_id=89#b5fafc8de7e351996,https://municipalidadpucon.cl/?page_id=89#b5fafc8de7e351996,True,True
1109,Municipalidad de Pucón,M.Pucón,WordPress,Municipal,La Araucanía,"Llamado Concurso Público, Coordinador/a Programa 4 a 7",,2026-04-15T20:30:50.969180Z,https://municipalidadpucon.cl/?page_id=89#8aa6d586224869833,https://municipalidadpucon.cl/?page_id=89#8aa6d586224869833,True,True
1107,Municipalidad de Pucón,M.Pucón,WordPress,Municipal,La Araucanía,Bases Llamados a Concurso Publico Apoyo Familiar Integral 44 Horas,,2026-04-15T20:30:50.969180Z,https://municipalidadpucon.cl/?page_id=89#7190123ca0cae276c,https://municipalidadpucon.cl/?page_id=89#7190123ca0cae276c,True,True
1106,Municipalidad de Pucón,M.Pucón,WordPress,Municipal,La Araucanía,Coordinador del Programa de Desarrollo Local (PRODESAL),,2026-04-15T20:30:50.969180Z,https://municipalidadpucon.cl/?page_id=89#a9191f96e61af40ac,https://municipalidadpucon.cl/?page_id=89#a9191f96e61af40ac,True,True
1104,Municipalidad de Pucón,M.Pucón,WordPress,Municipal,La Araucanía,Concurso Público Para Proveer Cargos Vacantes,,2026-04-15T20:30:50.969180Z,https://municipalidadpucon.cl/?page_id=89#cadc6c819bd5114f4,https://municipalidadpucon.cl/?page_id=89#cadc6c819bd5114f4,True,True
1102,Municipalidad de Pucón,M.Pucón,WordPress,Municipal,La Araucanía,Proveer Cargos para la Implementación de La Oficina Local de Niñez (OLN),,2026-04-15T20:30:50.969180Z,https://municipalidadpucon.cl/?page_id=89#5d4170c9d9dee0306,https://municipalidadpucon.cl/?page_id=89#5d4170c9d9dee0306,True,True
1099,Municipalidad de Pucón,M.Pucón,WordPress,Municipal,La Araucanía,Proceso de Selección Especial Cargos del Programa VCM,,2026-04-15T20:30:50.969180Z,https://municipalidadpucon.cl/?page_id=89#9766b9e97084b306f,https://municipalidadpucon.cl/?page_id=89#9766b9e97084b306f,True,True
1096,Municipalidad de Pucón,M.Pucón,WordPress,Municipal,La Araucanía,Llamado a concurso para proveer el cargo de Analista Contable en el Departamento de Educación Municipal,,2026-04-15T20:30:50.969180Z,https://municipalidadpucon.cl/?page_id=89#7a48191b194404717,https://municipalidadpucon.cl/?page_id=89#7a48191b194404717,True,True
1092,Municipalidad de Pucón,M.Pucón,WordPress,Municipal,La Araucanía,Segundo Llamado a concurso para proveer el cargo de Analista Contable en el Departamento de Educación Municipal,,2026-04-15T20:30:50.969180Z,https://municipalidadpucon.cl/?page_id=89#b0bb55d5fb8032ee0,https://municipalidadpucon.cl/?page_id=89#b0bb55d5fb8032ee0,True,True
1090,Municipalidad de Pucón,M.Pucón,WordPress,Municipal,La Araucanía,"Llamado a Concurso Público para Proveer el Cargo de Profesional de Apoyo, Programa Mujeres, Derechos Sexuales y Reproductivos",,2026-04-15T20:30:50.969180Z,https://municipalidadpucon.cl/?page_id=89#48c1a386c520f707f,https://municipalidadpucon.cl/?page_id=89#48c1a386c520f707f,True,True
1089,Municipalidad de Pucón,M.Pucón,WordPress,Municipal,La Araucanía,Llamado a concurso para Provisión de Cargo Profesional a Honorario SENDA PIB,,2026-04-15T20:30:50.969180Z,https://municipalidadpucon.cl/?page_id=89#1273920706652009f,https://municipalidadpucon.cl/?page_id=89#1273920706652009f,True,True
1088,Municipalidad de Pucón,M.Pucón,WordPress,Municipal,La Araucanía,Llamado a Concurso Público para Proveer el Cargo de Profesional de Apoyo Dupla Preparados,,2026-04-15T20:30:50.969180Z,https://municipalidadpucon.cl/?page_id=89#389bebc16693ed14e,https://municipalidadpucon.cl/?page_id=89#389bebc16693ed14e,True,True
1086,Municipalidad de Pucón,M.Pucón,WordPress,Municipal,La Araucanía,Llamado a concurso para proveer cargos en el Departamento de Niñez y Adolescencia,,2026-04-15T20:30:50.969180Z,https://municipalidadpucon.cl/?page_id=89#50de1afe84b7e7d15,https://municipalidadpucon.cl/?page_id=89#50de1afe84b7e7d15,True,True
1085,Municipalidad de Pucón,M.Pucón,WordPress,Municipal,La Araucanía,Convocatoria: Médico Veterinario – Programa Tenencia Responsable,,2026-04-15T20:30:50.969180Z,https://municipalidadpucon.cl/?page_id=89#4157aaf15e373ae15,https://municipalidadpucon.cl/?page_id=89#4157aaf15e373ae15,True,True
1083,Municipalidad de Pucón,M.Pucón,WordPress,Municipal,La Araucanía,Llamado a Concurso para Proveer el Cargo de Coordinador(a) de OLN Pucón,,2026-04-15T20:30:50.969180Z,https://municipalidadpucon.cl/?page_id=89#7b55e9f152cfa0ad2,https://municipalidadpucon.cl/?page_id=89#7b55e9f152cfa0ad2,True,True
1081,Municipalidad de Pucón,M.Pucón,WordPress,Municipal,La Araucanía,Llamado a Concurso para Proveer Cargo para Programa Gestión Territorial y Vinculación Comunitaria de la Municipalidad de Pucón,,2026-04-15T20:30:50.969180Z,https://municipalidadpucon.cl/?page_id=89#92d00cf68b587a29d,https://municipalidadpucon.cl/?page_id=89#92d00cf68b587a29d,True,True
1079,Municipalidad de Pucón,M.Pucón,WordPress,Municipal,La Araucanía,Llamado Concurso Profesional Equipo Previene - Programa Prepara2,,2026-04-15T20:30:50.969180Z,https://municipalidadpucon.cl/?page_id=89#1f56fd9d306821bb3,https://municipalidadpucon.cl/?page_id=89#1f56fd9d306821bb3,True,True
1077,Municipalidad de Pucón,M.Pucón,WordPress,Municipal,La Araucanía,Llamado concurso para proveer cargo de Psicóloga Programa de Salud Mental con Enfoque de Género del Departamento de la Mujer y Equidad de Género,,2026-04-15T20:30:50.969180Z,https://municipalidadpucon.cl/?page_id=89#f936be10cdf597a4d,https://municipalidadpucon.cl/?page_id=89#f936be10cdf597a4d,True,True
1073,Municipalidad de Pucón,M.Pucón,WordPress,Municipal,La Araucanía,Llamado Coordinador(a) Comunal de Equipo Previene SENDA,,2026-04-15T20:30:50.969180Z,https://municipalidadpucon.cl/?page_id=89#c03d0eeee79e37e2f,https://municipalidadpucon.cl/?page_id=89#c03d0eeee79e37e2f,True,True
1072,Municipalidad de Pucón,M.Pucón,WordPress,Municipal,La Araucanía,llamado a concurso público para el cargo de Coordinador(a) PDTI – Reemplazo por Licencia Pre y Postnatal,,2026-04-15T20:30:50.969180Z,https://municipalidadpucon.cl/?page_id=89#693dcb3b6ec386fc6,https://municipalidadpucon.cl/?page_id=89#693dcb3b6ec386fc6,False,False
1070,Municipalidad de Pucón,M.Pucón,WordPress,Municipal,La Araucanía,Llamado Concurso Cargo Monitor Programa 4 a 7 El Claro SERNAMEG,,2026-04-15T20:30:50.969180Z,https://municipalidadpucon.cl/?page_id=89#16d7d6d9c983e8559,https://municipalidadpucon.cl/?page_id=89#16d7d6d9c983e8559,True,True
1069,Municipalidad de Pucón,M.Pucón,WordPress,Municipal,La Araucanía,Llamado Concurso Cargo Gestor(a) Cultural para Programa de Cultura Municipal,,2026-04-15T20:30:50.969180Z,https://municipalidadpucon.cl/?page_id=89#1b096b9002d174101,https://municipalidadpucon.cl/?page_id=89#1b096b9002d174101,True,True
1068,Municipalidad de Pucón,M.Pucón,WordPress,Municipal,La Araucanía,Llamado concurso para proveer cargos en el Departamento de Niñez y Adolescencia.,,2026-04-15T20:30:50.969180Z,https://municipalidadpucon.cl/?page_id=89#60c8d9b90fd0277a9,https://municipalidadpucon.cl/?page_id=89#60c8d9b90fd0277a9,True,True
1065,Municipalidad de Pucón,M.Pucón,WordPress,Municipal,La Araucanía,Llamado Concurso Publico Cargo de Kinesiólogo/a del Programa Centro Diurno Comunitario Pucón (CEDIAM),,2026-04-15T20:30:50.969180Z,https://municipalidadpucon.cl/?page_id=89#e83419e80add81b02,https://municipalidadpucon.cl/?page_id=89#e83419e80add81b02,True,True
1064,Municipalidad de Pucón,M.Pucón,WordPress,Municipal,La Araucanía,Llamado Concurso Público Director/a CESFAM Pucón,,2026-04-15T20:30:50.969180Z,https://municipalidadpucon.cl/?page_id=89#23a9a62a466b2c413,https://municipalidadpucon.cl/?page_id=89#23a9a62a466b2c413,True,True
1063,Municipalidad de Pucón,M.Pucón,WordPress,Municipal,La Araucanía,Llamado Concurso SENDA - Profesional de Apoyo Programa Parentalidad,,2026-04-15T20:30:50.969180Z,https://municipalidadpucon.cl/?page_id=89#06e31448e240e374c,https://municipalidadpucon.cl/?page_id=89#06e31448e240e374c,True,True
1062,Municipalidad de Pucón,M.Pucón,WordPress,Municipal,La Araucanía,Llamado Concurso Cargo Coordinador para el Programa HPV I,,2026-04-15T20:30:50.969180Z,https://municipalidadpucon.cl/?page_id=89#d676f46f10d279575,https://municipalidadpucon.cl/?page_id=89#d676f46f10d279575,True,True
1061,Municipalidad de Pucón,M.Pucón,WordPress,Municipal,La Araucanía,Concurso Público para el cargo de Técnico Media Jornada Programa PRODESAL,,2026-04-15T20:30:50.969180Z,https://municipalidadpucon.cl/?page_id=89#97676fb73aa2624e5,https://municipalidadpucon.cl/?page_id=89#97676fb73aa2624e5,True,True
1060,Municipalidad de Pucón,M.Pucón,WordPress,Municipal,La Araucanía,"Concursos públicos para el cargo de Director(a) de establecimiento, correspondientes al Colegio El Claro, Liceo Bicentenario de Hotelería y Turismo y Complejo Educacional Carlos Holzapfel.",,2026-04-15T20:30:50.969180Z,https://municipalidadpucon.cl/?page_id=89#d3f2548c9ce5a39ab,https://municipalidadpucon.cl/?page_id=89#d3f2548c9ce5a39ab,True,True
1053,Municipalidad de Melipeuco,M.Melipeuco,WordPress,Municipal,La Araucanía,Segundo llamado – Concurso publico “Cargo de Gestor/a de Casos de la Oficina Local de la Niñez (OLN)”,,2026-04-15T20:29:59.492919Z,https://municipalidadmelipeuco.cl/2026/02/11/concurso-publico-cargo-de-gestor-a-de-casos-de-la-oficina-local-de-la-ninez-oln/,http://municipalidadmelipeuco.cl/wp-content/uploads/2026/02/BASES-GESTOR-DE-CASOS-OLN-FEBRERO-2026.pdf,True,True
1044,Municipalidad de Loncoche,M.Loncoche,WordPress,Municipal,La Araucanía,CONCURSO PÚBLICO PARA DIRECTOR (A) CESFAM HUISCAPI.,,2026-04-15T20:29:43.340645Z,https://muniloncoche.cl/concurso-publico-para-director-a-cesfam-huiscapi/,https://muniloncoche.cl/wp-content/uploads/2026/03/Bases_Director_CESFAM-HUISCAPI-.pdf,True,True
1020,Municipalidad de Cunco,M.Cunco,WordPress,Municipal,La Araucanía,"Bases de concurso Publico para el cargo de ""APOYO FAMILIAR INTEGRAL""",,2026-04-15T20:27:13.756702Z,https://www.municunco.cl/comunitarias/bases-de-concurso-publico-para-el-cargo-de-apoyo-familiar-integral,https://www.municunco.cl/comunitarias/bases-de-concurso-publico-para-el-cargo-de-apoyo-familiar-integral,True,True
1019,Municipalidad de Cunco,M.Cunco,WordPress,Municipal,La Araucanía,"Concurso público para proveer el cargo de 4 profesionales categoría B, del Departamento de Salud de Cunco",,2026-04-15T20:27:13.756702Z,https://www.municunco.cl/comunitarias/concurso-publico-para-proveer-el-cargo-de-4-profesionales-categoria-b-del-departamento-de-salud-de-cunco,https://www.municunco.cl/comunitarias/concurso-publico-para-proveer-el-cargo-de-4-profesionales-categoria-b-del-departamento-de-salud-de-cunco,False,False
1018,Municipalidad de Cunco,M.Cunco,WordPress,Municipal,La Araucanía,Concurso Publico para cargo a plazo fijo de Coordinador (a) de Equipo de Salud Rural,,2026-04-15T20:27:13.756702Z,https://www.municunco.cl/comunitarias/concurso-publico-para-cargo-a-plazo-fijo-de-coordinador-a-de-equipo-de-salud-rural,https://www.municunco.cl/comunitarias/concurso-publico-para-cargo-a-plazo-fijo-de-coordinador-a-de-equipo-de-salud-rural,True,True
1017,Municipalidad de Cunco,M.Cunco,WordPress,Municipal,La Araucanía,"BASES CONCURSO PARA PROVEER CARGOS A PLAZO FIJO, DEL DEPARTAMENTO DE SALUD MUNICIPAL",,2026-04-15T20:27:13.756702Z,https://www.municunco.cl/comunitarias/bases-concurso-para-proveer-cargos-a-plazo-fijo-del-departamento-de-salud-municipal,https://www.municunco.cl/comunitarias/bases-concurso-para-proveer-cargos-a-plazo-fijo-del-departamento-de-salud-municipal,False,False
999,Municipalidad de Los Álamos,M.Los Álamos,WordPress,Municipal,Biobío,📣 CONCURSO PÚBLICO 🗣️,,2026-04-15T20:25:48.238964Z,https://munilosalamos.gob.cl/noticias/presentacion-de-atencedentes/,https://munilosalamos.gob.cl/noticias/presentacion-de-atencedentes/,True,True
998,Municipalidad de Los Álamos,M.Los Álamos,WordPress,Municipal,Biobío,Concurso interno ley 21308 departamento de Salud Los Álamos,,2026-04-15T20:25:48.238964Z,https://munilosalamos.gob.cl/concursos-publicos/concurso-interno-ley-21308-departamento-de-salud-los-alamos/,https://munilosalamos.gob.cl/concursos-publicos/concurso-interno-ley-21308-departamento-de-salud-los-alamos/,True,True
997,Municipalidad de Los Álamos,M.Los Álamos,WordPress,Municipal,Biobío,La Ilustre Municipalidad de Los Álamos en conjunto con el Programa SENDA llaman a Concurso Público,,2026-04-15T20:25:48.238964Z,https://munilosalamos.gob.cl/concursos-publicos/la-ilustre-municipalidad-de-los-alamos-en-conjunto-con-el-programa-senda-llaman-a-concurso-publico/,https://munilosalamos.gob.cl/concursos-publicos/la-ilustre-municipalidad-de-los-alamos-en-conjunto-con-el-programa-senda-llaman-a-concurso-publico/,True,True
996,Municipalidad de Los Álamos,M.Los Álamos,WordPress,Municipal,Biobío,LLAMADO A CONCURSO PÚBLICO DE ANTECEDENTES.,,2026-04-15T20:25:48.238964Z,https://munilosalamos.gob.cl/concursos-publicos/llamado-a-concurso-publico-de-antecedentes-5/,https://munilosalamos.gob.cl/concursos-publicos/llamado-a-concurso-publico-de-antecedentes-5/,True,True
995,Municipalidad de Los Álamos,M.Los Álamos,WordPress,Municipal,Biobío,CONCURSO PÚBLICO PROGRAMA 4 A 7,,2026-04-15T20:25:48.238964Z,https://munilosalamos.gob.cl/concursos-publicos/concurso-publico-2/,https://munilosalamos.gob.cl/concursos-publicos/concurso-publico-2/,True,True
994,Municipalidad de Los Álamos,M.Los Álamos,WordPress,Municipal,Biobío,CONCURSO PÚBLICO PARA PROVEER CARGO DE APOYO FAMILIAR,,2026-04-15T20:25:48.238964Z,https://munilosalamos.gob.cl/concursos-publicos/concurso-publico-para-proveer-cargo-de-apoyo-familiar/,https://munilosalamos.gob.cl/concursos-publicos/concurso-publico-para-proveer-cargo-de-apoyo-familiar/,True,True
993,Municipalidad de Los Álamos,M.Los Álamos,WordPress,Municipal,Biobío,"CONCURSO PÚBLICO PARA PROVEER CARGO DE TÉCNICO, ADMINISTRATIVO Y AUXILIAR.",,2026-04-15T20:25:48.238964Z,https://munilosalamos.gob.cl/concursos-publicos/concurso-publico-para-proveer-cargo-de-tecnico-administrativo-y-auxiliar/,https://munilosalamos.gob.cl/concursos-publicos/concurso-publico-para-proveer-cargo-de-tecnico-administrativo-y-auxiliar/,True,True
992,Municipalidad de Los Álamos,M.Los Álamos,WordPress,Municipal,Biobío,CONCURSO PÚBLICO PARA PROVEER EL CARGO DE COORDINADORA O COORDINADOR PROGRAMA 4 A 7,,2026-04-15T20:25:48.238964Z,https://munilosalamos.gob.cl/concursos-publicos/concurso-publico-para-proveer-el-cargo-de-coordinadora-o-coordinador-programa-4-a-7/,https://munilosalamos.gob.cl/concursos-publicos/concurso-publico-para-proveer-el-cargo-de-coordinadora-o-coordinador-programa-4-a-7/,False,False
991,Municipalidad de Los Álamos,M.Los Álamos,WordPress,Municipal,Biobío,BASES CONCURSO PÚBLICO PARA PROVEER CARGO GRADO 18 ESCALAFÓN AUXILIAR,,2026-04-15T20:25:48.238964Z,https://munilosalamos.gob.cl/concursos-publicos/bases-concurso-publico-para-proveer-cargo-grado-18-escalafon-auxiliar/,https://munilosalamos.gob.cl/concursos-publicos/bases-concurso-publico-para-proveer-cargo-grado-18-escalafon-auxiliar/,True,True
981,Municipalidad de Alto Biobío,M.Alto Biobío,WordPress,Municipal,Biobío,LLAMADO A CONCURSO PÚBLICO PROGRAMA CENTROS COMUNITARIOS DE CUIDADOS – CARGOS COORDINADOR COORDINADORA GESTOR O GESTORA SOCIAL,,2026-04-17T07:18:13.502673Z,https://munialtobiobio.cl/llamado-a-concurso-publico-programa-centros-comunitarios-de-cuidados-cargos-coordinador-coordinadora-gestor-o-gestora-social/,https://munialtobiobio.cl/llamado-a-concurso-publico-programa-centros-comunitarios-de-cuidados-cargos-coordinador-coordinadora-gestor-o-gestora-social/,False,False
980,Municipalidad de Alto Biobío,M.Alto Biobío,WordPress,Municipal,Biobío,OPORTUNIDAD LABORAL PRLAC ALTO BIOBÍO,,2026-04-17T07:18:13.502673Z,https://munialtobiobio.cl/oportunidad-laboral-prlac-alto-biobio/,https://munialtobiobio.cl/wp-content/uploads/2025/12/LLAMADO-A-RECEPCIA_N-DE-ANTECEDENTES-PRLAC.pdf,False,False
973,Municipalidad de Alto Biobío,M.Alto Biobío,WordPress,Municipal,Biobío,Convocatoria a elección del nuevo directorio del COSOC 2026–2030,,2026-04-17T07:18:13.502673Z,https://munialtobiobio.cl/convocatoria-a-eleccion-del-nuevo-directorio-del-cosoc-2026-2030/,https://munialtobiobio.cl/convocatoria-a-eleccion-del-nuevo-directorio-del-cosoc-2026-2030/,True,True
972,Municipalidad de Alto Biobío,M.Alto Biobío,WordPress,Municipal,Biobío,LLAMADO A CONCURSO PÚBLICO,,2026-04-17T07:18:13.502673Z,https://munialtobiobio.cl/llamado-a-concurso-publico/,https://munialtobiobio.cl/llamado-a-concurso-publico/?download=16590,True,False
971,Municipalidad de Alto Biobío,M.Alto Biobío,WordPress,Municipal,Biobío,LLAMADO A CONCURSO PÚBLICO PRLAC,,2026-04-17T07:18:13.502673Z,https://munialtobiobio.cl/llamado-a-concurso-publico-prlac-2/,https://munialtobiobio.cl/wp-content/uploads/2026/04/Decreto-Alcaldicio-N°-1058-Llamado-a-concurso-SAD.pdf,True,False
969,Municipalidad de Alto Biobío,M.Alto Biobío,WordPress,Municipal,Biobío,LLAMADO A CONCURSO PÚBLICO KINESIOLOGO/A PRLAC,,2026-04-17T07:18:13.502673Z,https://munialtobiobio.cl/llamado-a-concurso-publico-kinesiologo-a-prlac/,https://munialtobiobio.cl/wp-content/uploads/2026/04/Decreto-Alcaldicio-N°-1129.pdf,True,True
968,Municipalidad de Alto Biobío,M.Alto Biobío,WordPress,Municipal,Biobío,LLAMADO A CONCURSO PÚBLICO OLN,,2026-04-17T07:18:13.502673Z,https://munialtobiobio.cl/llamado-a-concurso-publico-oln-2/,https://munialtobiobio.cl/wp-content/uploads/2026/04/Decreto-Alcaldicio-N°-1112.pdf,True,True
967,Municipalidad de Yumbel,M.Yumbel,WordPress,Municipal,Biobío,Bases de concurso público de Jefe de Personal y Jefe de SOME,,2026-04-17T07:17:52.963923Z,https://yumbel.cl/2026/03/31/bases-de-concurso-publico-de-jefe-de-personal-y-jefe-de-some/,https://drive.google.com/file/d/1q3AXm8o4etsslbzNI7E-_j4swi0q1HhR/view?usp=sharing,True,False
900,Municipalidad de Santa Juana,M.Santa Juana,WordPress,Municipal,Biobío,Presentacion de Antecedentes Cargo COORDINADOR/A para el Dispositivo Centro de la Mujer de Santa Juana,,2026-04-15T20:18:39.412030Z,https://new.santajuana.cl/presentacion-de-antecedentes-cargo-coordinador-a-para-el-dispositivo-centro-de-la-mujer-de-santa-juana/,https://new.santajuana.cl/presentacion-de-antecedentes-cargo-coordinador-a-para-el-dispositivo-centro-de-la-mujer-de-santa-juana/,False,False
899,Municipalidad de Santa Juana,M.Santa Juana,WordPress,Municipal,Biobío,Concurso 2 Cargos Programa 4 a 7,,2026-04-15T20:18:39.412030Z,https://new.santajuana.cl/concurso-2-cargos-programa-4-a-7/,https://new.santajuana.cl/concurso-2-cargos-programa-4-a-7/,False,False
898,Municipalidad de Santa Juana,M.Santa Juana,WordPress,Municipal,Biobío,Concurso 3 Cargos PRLAC,,2026-04-15T20:18:39.412030Z,https://new.santajuana.cl/concurso-3-cargos-prlac/,https://new.santajuana.cl/concurso-3-cargos-prlac/,False,False
897,Municipalidad de Santa Juana,M.Santa Juana,WordPress,Municipal,Biobío,2 Cargos 4 a 7,,2026-04-15T20:18:39.412030Z,https://new.santajuana.cl/2-cargos-4-a-7/,https://new.santajuana.cl/2-cargos-4-a-7/,False,False
895,Municipalidad de Lota,M.Lota,WordPress,Municipal,Biobío,CONCURSO PUBLICO ENCARGADO RED LOCAL,,2026-04-15T20:18:12.013644Z,https://lota.cl/concurso-publico-encargado-red-local/,https://lota.cl/concurso-publico-encargado-red-local/,True,True
892,Municipalidad de Chiguayante,M.Chiguayante,WordPress,Municipal,Biobío,Concurso Público,,2026-04-17T07:10:28.664847Z,https://chiguayante.cl/Chgte/?page_id=274,https://chiguayante.cl/Chgte/?page_id=274,True,True
890,Municipalidad de Coronel,M.Coronel,WordPress,Municipal,Biobío,Ilustre Municipalidad de Coronel llama a concurso público los siguientes 3 cargos,,2026-04-15T20:17:14.687572Z,https://www.coronel.cl/noticias/ilustre-municipalidad-de-coronel-llama-a-concurso-publico-los-siguientes-cargos/,http://www.coronel.cl/wp-content/uploads/2026/01/Decreto-11304-30-12-2025-Directivo-7-Aseo-y-Ornato.pdf,True,False
888,Municipalidad de San Nicolás,M.San Nicolás,Sitio propio,Municipal,Ñuble,DE DIRECTOR DEL DEPARTAMENTO DE SALUD MUNICIPAL,,2026-04-17T07:09:27.696647Z,https://municipalidadsannicolas.cl/descargas/CONCURSO-SALUD.pdf,https://municipalidadsannicolas.cl/descargas/CONCURSO-SALUD.pdf,True,True
868,Municipalidad de Coihueco,M.Coihueco,WordPress,Municipal,Ñuble,Concurso Público,,2026-04-17T07:08:58.780985Z,https://municoihueco.cl/Inicio/category/concurso-publico/,https://municoihueco.cl/Inicio/category/concurso-publico/,True,True
855,Municipalidad de Ninhue,M.Ninhue,WordPress,Municipal,Ñuble,LLAMADO A CONCURSO PARA CARGO VACANTE DE PLANTA MUNICIPAL PARA CARGO DE AUXILIAR – CHOFER.,,2026-04-17T07:07:56.952159Z,https://www.munininhue.cl/sin-categoria/llamado-a-concurso-para-cargo-vacante-de-planta-municipal-para-cargo-de-auxiliar-chofer/,https://www.munininhue.cl/wp-content/uploads/2025/10/DAN°-3984-APRUEBA-BASES-CONCURSO-PUBLICO-CARGO-VACANTE-PLANTA-AUXILIAR-CHOFER-GRADO-18°-EMS-1.pdf,False,False
854,Municipalidad de Ninhue,M.Ninhue,WordPress,Municipal,Ñuble,"LLAMADO A CONCURSO PARA 1 CARGO VACANTE DE APOYO FAMILIAR INTEGRAL DEL PROGRAMA FAMILIAS, SEGURIDADES Y OPORTUNIDADES POR 22 HORAS SEMANALES.",,2026-04-17T07:07:56.952159Z,https://www.munininhue.cl/sin-categoria/llamado-a-concurso-para-1-cargo-vacante-de-apoyo-familiar-integral-del-programa-familias-seguridades-y-oportunidades-por-22-horas-semanales/,https://www.munininhue.cl/wp-content/uploads/2025/10/DECRETO-LLAMADO-CONCURSO-PUBLICO.pdf,False,False
853,Municipalidad de Ninhue,M.Ninhue,WordPress,Municipal,Ñuble,LLAMADO A CONCURSO PARA JEFE(A) DAEM.,,2026-04-17T07:07:56.952159Z,https://www.munininhue.cl/sin-categoria/llamado-a-concurso-para-jefea-daem/,https://www.munininhue.cl/wp-content/uploads/2026/04/Bases-de-Convocatoria-Jefe-DAEM-1.pdf,False,False
852,Municipalidad de Cobquecura,M.Cobquecura,WordPress,Municipal,Ñuble,Oficio Conductor Junta de Vecinos La Maravilla,,2026-04-17T07:07:23.889857Z,https://cobquecura.cl/oficio-conductor-junta-de-vecinos-la-maravilla-2/,https://cobquecura.cl/wp-content/uploads/Oficio-Conductor-Junta-de-Vecinos-La-Maravilla.pdf,False,False
851,Municipalidad de Cobquecura,M.Cobquecura,WordPress,Municipal,Ñuble,Oficio Conductor Club de Adulto Mayor El Amanecer de Buchupureo,,2026-04-17T07:07:23.889857Z,https://cobquecura.cl/oficio-conductor-club-de-adulto-mayor-el-amanecer-de-buchupureo/,https://cobquecura.cl/wp-content/uploads/Oficio-Conductor-Club-de-Adulto-Mayor-El-Amanecer-de-Buchupureo.pdf,True,True
850,Municipalidad de Cobquecura,M.Cobquecura,WordPress,Municipal,Ñuble,Oficio Conductor Asociación de Futbol Particular Cobquecura,,2026-04-17T07:07:23.889857Z,https://cobquecura.cl/oficio-conductor-asociacion-de-futbol-particular-cobquecura/,https://cobquecura.cl/wp-content/uploads/Oficio-Conductor-Asociacion-de-Futbol-Particular-Cobquecura.pdf,True,False
849,Municipalidad de Cobquecura,M.Cobquecura,WordPress,Municipal,Ñuble,Oficio Conductor Club de Adulto Mayor Profesores en Recreo,,2026-04-17T07:07:23.889857Z,https://cobquecura.cl/oficio-conductor-club-de-adulto-mayor-profesores-en-recreo/,https://cobquecura.cl/wp-content/uploads/Oficio-Conductor-Club-de-Adulto-Mayor-Profesores-en-Recreo.pdf,False,False
848,Municipalidad de Cobquecura,M.Cobquecura,WordPress,Municipal,Ñuble,Oficio Conductor Club de Adulto Mayor Agua del León,,2026-04-17T07:07:23.889857Z,https://cobquecura.cl/oficio-conductor-club-de-adulto-mayor-agua-del-leon/,https://cobquecura.cl/wp-content/uploads/Oficio-Conductor-Club-de-Adulto-Mayor-Agua-del-Leon.pdf,False,False
847,Municipalidad de Cobquecura,M.Cobquecura,WordPress,Municipal,Ñuble,Oficio Conductor Union Comunal Adultos Mayores,,2026-04-17T07:07:23.889857Z,https://cobquecura.cl/oficio-conductor-union-comunal-adultos-mayores-2/,https://cobquecura.cl/wp-content/uploads/Oficio-Conductor-Union-Comunal-Adultos-Mayores.pdf,True,False
846,Municipalidad de Cobquecura,M.Cobquecura,WordPress,Municipal,Ñuble,Oficio Conductor Junta de Vecinos El Totoral,,2026-04-17T07:07:23.889857Z,https://cobquecura.cl/oficio-conductor-junta-de-vecinos-el-totoral-2/,https://cobquecura.cl/wp-content/uploads/Oficio-Conductor-Junta-de-Vecinos-El-Totoral.pdf,True,True
845,Municipalidad de Cobquecura,M.Cobquecura,WordPress,Municipal,Ñuble,Oficio Conductor Club Del Adulto Mayor Sol Naciente,,2026-04-17T07:07:23.889857Z,https://cobquecura.cl/oficio-conductor-club-del-adulto-mayor-sol-naciente/,https://cobquecura.cl/wp-content/uploads/Oficio-Conductor-Club-Adulto-Mayor-Sol-Naciente.pdf,True,False
844,Municipalidad de Cobquecura,M.Cobquecura,WordPress,Municipal,Ñuble,Oficio Conductor Comité de Adelanto Miramar,,2026-04-17T07:07:23.889857Z,https://cobquecura.cl/oficio-conductor-comite-de-adelanto-miramar/,https://cobquecura.cl/wp-content/uploads/Oficio-Conductor-Comite-de-Adelanto-Miramarr.pdf,True,False
843,Municipalidad de Cobquecura,M.Cobquecura,WordPress,Municipal,Ñuble,Oficio Conductor Unión Comunal de las Juntas de Vecinos de la Comuna de Cobquecura,,2026-04-17T07:07:23.889857Z,https://cobquecura.cl/oficio-conductor-union-comunal-de-las-juntas-de-vecinos-de-la-comuna-de-cobquecura-2/,https://cobquecura.cl/wp-content/uploads/Oficio-Conductor-Union-Comunal-de-Juntas-de-Vecinos.pdf,False,False
842,Municipalidad de Cobquecura,M.Cobquecura,WordPress,Municipal,Ñuble,Oficio Conductor Centro de Padres y Apoderados Escuela F-55,,2026-04-17T07:07:23.889857Z,https://cobquecura.cl/oficio-conductor-centro-de-padres-y-apoderados-escuela-f-55/,https://cobquecura.cl/wp-content/uploads/Oficio-Conductor-Centro-de-Padres-y-Apoderados-Escuela-F-55.pdf,False,False
841,Municipalidad de Cobquecura,M.Cobquecura,WordPress,Municipal,Ñuble,Oficio Conductor Club de Huasos Santa Rita,,2026-04-17T07:07:23.889857Z,https://cobquecura.cl/oficio-conductor-club-de-huasos-santa-rita-2/,https://cobquecura.cl/wp-content/uploads/Oficio-Conductor-Club-de-Huasos-Santa-Rita.pdf,True,True
840,Municipalidad de Cobquecura,M.Cobquecura,WordPress,Municipal,Ñuble,Oficio Conductor Comité de Vivienda Renacer,,2026-04-17T07:07:23.889857Z,https://cobquecura.cl/oficio-conductor-comite-de-vivienda-renacer/,https://cobquecura.cl/wp-content/uploads/Oficio-Conductor-Comite-Vivienda-Renacer.pdf,False,True
839,Municipalidad de Cobquecura,M.Cobquecura,WordPress,Municipal,Ñuble,Oficio Conductor Junta de Vecinos Taucú,,2026-04-17T07:07:23.889857Z,https://cobquecura.cl/oficio-conductor-junta-de-vecinos-taucu-2/,https://cobquecura.cl/wp-content/uploads/Oficio-Conductor-Junta-de-Vecinos-Taucu.pdf,True,True
838,Municipalidad de Cobquecura,M.Cobquecura,WordPress,Municipal,Ñuble,Oficio Conductor Cobquecura Regenera,,2026-04-17T07:07:23.889857Z,https://cobquecura.cl/oficio-conductor-cobquecura-regenera/,https://cobquecura.cl/wp-content/uploads/Oficio-Conductor-Cobquecura-Regenera.pdf,True,True
837,Municipalidad de Cobquecura,M.Cobquecura,WordPress,Municipal,Ñuble,Oficio Conductor Club de Rayuela Pullay Altos,,2026-04-17T07:07:23.889857Z,https://cobquecura.cl/oficio-conductor-club-de-rayuela-pullay-altos-2/,https://cobquecura.cl/wp-content/uploads/Oficio-Conductor-Club-de-Rayuela-Pullay-Altos.pdf,True,False
836,Municipalidad de Cobquecura,M.Cobquecura,WordPress,Municipal,Ñuble,Oficio Conductor Comité de Agua el Molino,,2026-04-17T07:07:23.889857Z,https://cobquecura.cl/oficio-conductor-comite-de-agua-el-molino-3/,https://cobquecura.cl/wp-content/uploads/Oficio-Conductor-Comite-de-Agua-el-Molino.pdf,True,False
835,Municipalidad de Cobquecura,M.Cobquecura,WordPress,Municipal,Ñuble,Oficio Conductor Comité de Agua Potable Rural Colmuyao,,2026-04-17T07:07:23.889857Z,https://cobquecura.cl/oficio-conductor-comite-de-agua-potable-rural-colmuyao-2/,https://cobquecura.cl/wp-content/uploads/Oficio-Conductor-Comite-de-Agua-Potable-Rural-Colmuyao.pdf,True,False
834,Municipalidad de Cobquecura,M.Cobquecura,WordPress,Municipal,Ñuble,Oficio Conductor Agrupación Femenina Loba Negra,,2026-04-17T07:07:23.889857Z,https://cobquecura.cl/oficio-conductor-agrupacion-femenina-loba-negra/,https://cobquecura.cl/wp-content/uploads/Oficio-Conductor-Agrupacion-Femenina-Loba-Negra.pdf,True,True
833,Municipalidad de Cobquecura,M.Cobquecura,WordPress,Municipal,Ñuble,Oficio Conductor Comité de Agua Potable Rural Totoral,,2026-04-17T07:07:23.889857Z,https://cobquecura.cl/oficio-conductor-comite-de-agua-potable-rural-totoral/,https://cobquecura.cl/wp-content/uploads/Oficio-Conductor-Comite-de-Agua-Potable-Rural-Totoral.pdf,False,True
832,Municipalidad de Cobquecura,M.Cobquecura,WordPress,Municipal,Ñuble,Oficio Conductor Comité de Agua la Esperanza de Pullay Alto,,2026-04-17T07:07:23.889857Z,https://cobquecura.cl/oficio-conductor-comite-de-agua-la-esperanza-de-pullay-alto-2/,https://cobquecura.cl/wp-content/uploads/Oficio-Conductor-Comite-de-Agua-La-Esperaza-de-Pullay-Alto.pdf,True,False
827,Municipalidad de Pemuco,M.Pemuco,WordPress,Municipal,Ñuble,CONCURSO PÚBLICO SALUD 9794 vistas,,2026-04-15T20:11:08.407403Z,https://www.munipemuco.cl/noticias/concurso-publico-salud-3/,https://www.munipemuco.cl/noticias/concurso-publico-salud-3/,True,True
817,Municipalidad de Chillán Viejo,M.Chillán Viejo,PHP propio,Municipal,Ñuble,"Información de las convocatorias de empleos públicos de la Ilustre Municipalidad de Chillán, a las que pueden postular funcionarios/as públicos/as y la ciudadanía, según corresp...",,2026-04-15T20:10:34.605340Z,https://www.municipalidadchillan.cl/sitio/menu/tramites/concursos.php,https://www.municipalidadchillan.cl/sitio/menu/tramites/concursos.php,True,True
809,Municipalidad de Vichuquén,M.Vichuquén,WordPress,Municipal,Maule,¡ÚNETE A NUESTRO EQUIPO!,,2026-04-17T07:00:46.639666Z,https://www.munivichuquen.cl/unete-a-nuestro-equipo/,https://www.munivichuquen.cl/unete-a-nuestro-equipo/,True,True
802,Municipalidad de Teno,M.Teno,WordPress,Municipal,Maule,MUNICIPIO DE TENO LLAMA A CONCURSO PÚBLICO PARA FORTALECER SU OFICINA LOCAL DE LA NIÑEZ,,2026-04-15T20:05:59.406538Z,https://www.teno.cl/portal2/2026/02/26/municipio-de-teno-llama-a-concurso-publico-para-fortalecer-su-oficina-local-de-la-ninez/,https://www.teno.cl/portal2/2026/02/26/municipio-de-teno-llama-a-concurso-publico-para-fortalecer-su-oficina-local-de-la-ninez/,True,True
801,Municipalidad de Teno,M.Teno,WordPress,Municipal,Maule,POR PRIMERA VEZ FAMILIAS CUENTAN CON ASISTENTES DE CUIDADO PROFESIONAL PARA ENFRENTAR LA DEPENDENCIA SEVERA,,2026-04-15T20:05:59.406538Z,https://www.teno.cl/portal2/2026/03/25/por-primera-vez-familias-cuentan-con-asistentes-de-cuidado-profesional-para-enfrentar-la-dependencia-severa/,https://www.teno.cl/portal2/2026/03/25/por-primera-vez-familias-cuentan-con-asistentes-de-cuidado-profesional-para-enfrentar-la-dependencia-severa/,True,True
797,Municipalidad de Rauco,M.Rauco,Sitio propio,Municipal,Maule,"Empleo Concursos y convocatorias Consulta las ofertas laborales, concursos vigentes y finalizados de la Municipalidad de Rauco.",,2026-04-15T20:05:22.194127Z,https://www.munirauco.cl/pages/concurso.html,https://www.munirauco.cl/pages/concurso.html,False,False
786,Municipalidad de Licantén,M.Licantén,Sitio propio,Municipal,Maule,Llamado a Concurso,,2026-04-15T20:04:56.288149Z,http://mlicanten.cl/concursos-publicos/,http://mlicanten.cl/concursos-publicos/,False,False
781,Municipalidad de Curicó,M.Curicó,WordPress,Municipal,Maule,Concursos Públicos,,2026-04-15T20:04:34.307358Z,https://www.curico.cl/home/concursos-publicos/,https://www.curico.cl/home/wp-content/uploads/2025/12/NOMINA-SELECCIONADOS.pdf,False,False
780,Municipalidad de Curicó,M.Curicó,WordPress,Municipal,Maule,Concurso Público del Programa Red Local de Apoyos y Cuidados,,2026-04-15T20:04:34.307358Z,https://www.curico.cl/home/concurso-publico-del-programa-red-local-de-apoyos-y-cuidados/,https://www.curico.cl/home/wp-content/uploads/2025/11/LLAMADO-A-CONCURSO-COORDINADOR-SS.EE_.pdf,True,False
779,Municipalidad de Curicó,M.Curicó,WordPress,Municipal,Maule,Concurso Público Salud,,2026-04-15T20:04:34.307358Z,https://www.curico.cl/home/concurso-publico-salud/,https://www.curico.cl/home/wp-content/uploads/2025/12/ANEXOS-BASES-CONCURSO-DIRECTOR-CESFAM-CURICO-CENTRO-MAAL-Y-COLON-2025.doc,True,False
778,Municipalidad de Curicó,M.Curicó,WordPress,Municipal,Maule,Concurso para Asistentes de Cuidado PRLAC Curicó,,2026-04-15T20:04:34.307358Z,https://www.curico.cl/home/concurso-para-asistentes-de-cuidado-prlac-curico/,https://www.curico.cl/home/wp-content/uploads/2026/02/BASES-CONCURSO-ASISTENTES-DE-CUIDADO-SAD-2-llamado-1-cargo.pdf,True,False
774,Municipalidad de San Clemente,M.San Clemente,WordPress,Municipal,Maule,BASES CONCURSO PÚBLICO GRADO 17 AUXILIAR Y GRADO 11 PROFESIONAL,,2026-04-17T06:58:04.242014Z,https://www.sanclemente.cl/index.php/2026/01/19/bases-concurso-publico-grado-17-auxiliar-y-grado-11-profesional/,https://www.sanclemente.cl/index.php/2026/01/19/bases-concurso-publico-grado-17-auxiliar-y-grado-11-profesional/,True,True
772,Municipalidad de San Clemente,M.San Clemente,WordPress,Municipal,Maule,CONCURSO PÚBLICO CONVENIO MUNICIPAL CON SERVICIO DE IMPUESTOS INTERNOS (SII),,2026-04-17T06:58:04.242014Z,https://www.sanclemente.cl/index.php/2026/02/18/concurso-publico-convenio-municipal-con-servicio-de-impuestos-internos-sii/,https://www.sanclemente.cl/index.php/2026/02/18/concurso-publico-convenio-municipal-con-servicio-de-impuestos-internos-sii/,True,True
771,Municipalidad de Río Claro,M.Río Claro,WordPress,Municipal,Maule,Bases Concurso Público,,2026-04-17T06:57:56.217733Z,https://rioclaro.cl/bases-concursos-publicos/,https://rioclaro.cl/bases-concursos-publicos/,False,False
770,Municipalidad de Pencahue,M.Pencahue,Sitio propio,Municipal,Maule,Concurso Público,,2026-04-15T20:03:08.727740Z,https://mpencahue.cl/index.php/concursospublicos/,https://mpencahue.cl/index.php/concursospublicos/,False,False
768,Municipalidad de Curepto,M.Curepto,Sitio propio Joomla,Municipal,Maule,Cargo Nombre Correo Fono,,2026-04-15T17:38:55.687027Z,http://www.curepto.cl/imcurepto_web/direcciones/direccion-de-recursos-humanos,http://www.curepto.cl/imcurepto_web/direcciones/direccion-de-recursos-humanos,True,True
761,Municipalidad de Talca,M.Talca,WordPress,Municipal,Maule,Talca da un nuevo paso en la actualización de su Plan Regulador: bases ya están disponibles para postulación y será financiado con recursos Municipales,,2026-04-17T06:56:25.341189Z,https://www.talca.cl/?p=26523,https://www.talca.cl/?p=26523,True,True
754,Municipalidad de Santa Cruz,M.Santa Cruz,WordPress,Municipal,O'Higgins,Bases del Concurso Público — OLN · Subsecretaría de la Niñez,,2026-04-17T06:56:09.486608Z,https://munisantacruz.cl/concurso-para-proveer-cargo-reemplazo-post-natal-del-programa-familias-afi-municipalidad-de-santa-cruz-clone/,https://drive.google.com/file/d/1lAjngC3Y0EFo0ycrM4IfW7rRBy24wvlx/view?usp=sharing,True,True
751,Municipalidad de Nancagua,M.Nancagua,WordPress,Municipal,O'Higgins,Asistente Social,,2026-04-15T20:01:24.291914Z,https://www.municipalidadnancagua.cl/web/asistentes-sociales/,https://www.municipalidadnancagua.cl/web/asistentes-sociales/,False,False
749,Municipalidad de San Fernando,M.San Fernando,WordPress,Municipal,O'Higgins,"Asistente de cuidado, Servicio Atención Domiciliaria",,2026-04-17T06:55:10.688875Z,https://municipalidadsanfernando.cl/asistente-de-cuidado-servicio-atencion-domiciliaria-red-local-de-apoyos-y-cuidados/,https://municipalidadsanfernando.cl/asistente-de-cuidado-servicio-atencion-domiciliaria-red-local-de-apoyos-y-cuidados/,False,False
748,Municipalidad de San Fernando,M.San Fernando,WordPress,Municipal,O'Higgins,Encargado/A Programa,,2026-04-17T06:55:10.688875Z,https://municipalidadsanfernando.cl/encargado-a-programa-red-digital-de-espacios-patrimoniales-en-bibliotecas-publicas-ex-programa-biblioredes/,https://municipalidadsanfernando.cl/encargado-a-programa-red-digital-de-espacios-patrimoniales-en-bibliotecas-publicas-ex-programa-biblioredes/,False,False
744,Municipalidad de Palmilla,M.Palmilla,WordPress,Municipal,O'Higgins,CONCURSO PÚBLICO – GESTOR/A DE CASOS,,2026-04-17T06:54:44.769055Z,https://www.munipalmilla.cl/2026/01/14/concurso-publico-gestor-a-de-casos/,https://www.munipalmilla.cl/wp-content/uploads/2026/01/BASES-CONCURSO-PUBLICO-GESTOR-DE-CASOS.pdf,True,False
743,Municipalidad de Palmilla,M.Palmilla,WordPress,Municipal,O'Higgins,CONCURSO PARA ARQUITECTO/A Y PROFESIONAL AREA SOCIAL.,,2026-04-17T06:54:44.769055Z,https://www.munipalmilla.cl/2026/01/23/concurso-para-arquitecto-a-y-profesional-area-social/,https://www.munipalmilla.cl/wp-content/uploads/2026/01/Bases-Concurso-Profesionales-PPL.pdf,False,False
742,Municipalidad de Palmilla,M.Palmilla,WordPress,Municipal,O'Higgins,CONCURSO DE COORDINADORA Y PSICÓLOGA DEL CENTRO DE LA MUJER,,2026-04-17T06:54:44.769055Z,https://www.munipalmilla.cl/2026/02/09/concurso-de-coordinadora-y-psicologa-del-centro-de-la-mujer/,https://www.munipalmilla.cl/wp-content/uploads/2026/02/CONCURSO-CDM-1.pdf,True,False
740,Municipalidad de Marchigüe,M.Marchigüe,Sitio propio Joomla,Municipal,O'Higgins,Bases del Concurso,,2026-04-17T06:54:31.986808Z,https://www.marchigue.cl/pdf/Bases_Oln26.pdf,https://www.marchigue.cl/pdf/Bases_Oln26.pdf,True,True
733,Municipalidad de Rengo,M.Rengo,WordPress,Municipal,O'Higgins,Concurso Público para cargo de Gestores de Caso en OLN Rengo,,2026-04-15T19:58:46.391462Z,https://municipalidadrengo.cl/noticias/concurso-publico-para-cargo-de-gestores-de-caso-en-oln-rengo/,https://municipalidadrengo.cl/wp-content/uploads/2025/11/BASE-CONCURSO-GESTOR-DE-CASOS-DIC-2025.pdf,False,False
727,Municipalidad de Rengo,M.Rengo,WordPress,Municipal,O'Higgins,Concurso público para el cargo de ejecutivo atención de público para el programa de intermediación laboral (OMIL),,2026-04-15T19:58:46.391462Z,https://municipalidadrengo.cl/noticias/concurso-publico-para-el-cargo-de-ejecutivo-atencion-de-publico-para-el-programa-de-intermediacion-laboral-omil/,https://municipalidadrengo.cl/wp-content/uploads/2026/02/concurso-ejecutivo-de-atencion-omil.pdf,False,False
726,Municipalidad de Rengo,M.Rengo,WordPress,Municipal,O'Higgins,Bases de concurso persona cuidadora remunerada centro comunitario de cuidados,,2026-04-15T19:58:46.391462Z,https://municipalidadrengo.cl/noticias/bases-de-concurso-persona-cuidadora-remunerada-centro-comunitario-de-cuidados/,https://municipalidadrengo.cl/wp-content/uploads/2026/02/BASES-DE-CONCURSO-PARA-PCR-CCC-2026.pdf,False,False
721,Municipalidad de Rengo,M.Rengo,WordPress,Municipal,O'Higgins,Bases de concurso público Director Cesfam,,2026-04-15T19:58:46.391462Z,https://municipalidadrengo.cl/noticias/bases-de-concurso-publico/,https://municipalidadrengo.cl/wp-content/uploads/2026/03/BASES-DE-CONCURSO-PUBLICO-CESFAM-ORIENTE.docx,True,True
720,Municipalidad de Olivar,M.Olivar,WordPress,Municipal,O'Higgins,CONCURSO PUBLICO DIRECTOR CESFAM OLIVAR Y GULTRO,,2026-04-17T06:49:01.070951Z,https://muniolivar.cl/wp-content/uploads/2026/01/06-BASES-CONCURSO-DIRECTORES-CESFAM-2026-5.pdf,https://muniolivar.cl/wp-content/uploads/2026/01/06-BASES-CONCURSO-DIRECTORES-CESFAM-2026-5.pdf,True,True
712,Municipalidad de Malloa,M.Malloa,WordPress,Municipal,O'Higgins,OMIL MALLOA REQUIERE CONTRATAR ORIENTADOR LABORAL,,2026-04-17T06:48:40.089157Z,https://www.munimalloa.cl/portal/omil-malloa-requiere-contratar-orientador-laboral/,https://www.munimalloa.cl/portal/omil-malloa-requiere-contratar-orientador-laboral/,True,True
705,Municipalidad de Doñihue,M.Doñihue,Sitio propio,Municipal,O'Higgins,📄 Concurso Gestor Territorial,,2026-04-15T19:56:50.347161Z,https://www.mdonihue.cl/documentos/concurso/Gestor_Territorial.pdf,https://www.mdonihue.cl/documentos/concurso/Gestor_Territorial.pdf,True,True
704,Municipalidad de Doñihue,M.Doñihue,Sitio propio,Municipal,O'Higgins,📄 Concurso Gestor de Casos,,2026-04-15T19:56:50.347161Z,https://www.mdonihue.cl/documentos/concurso/Gestor_Casos.pdf,https://www.mdonihue.cl/documentos/concurso/Gestor_Casos.pdf,True,True
701,Municipalidad de Codegua,M.Codegua,Sitio propio,Municipal,O'Higgins,Concurso Prodesal publico,,2026-04-15T19:56:34.001654Z,https://drive.google.com/drive/folders/12zA-fR5D7UP-RLNVE5Ucl-AywsJcGy7q?usp=sharing,https://drive.google.com/drive/folders/12zA-fR5D7UP-RLNVE5Ucl-AywsJcGy7q?usp=sharing,True,True
665,Municipalidad de Calera de Tango,M.Calera de Tango,Sitio propio,Municipal,Metropolitana de Santiago,postulacionesomil@caleradetango.net,,2026-04-15T19:51:29.591035Z,mailto:postulacionesomil@caleradetango.net,https://www.caleradetango.cl/_files/ugd/0c33ad_274ddeb5eb8945e2a1f544e1d32abd4d.pdf,,True
651,Municipalidad de San Miguel,M.San Miguel,WordPress,Municipal,Metropolitana de Santiago,Municipalidad de San Miguel llama a Concurso Público,,2026-04-15T19:49:57.471953Z,https://web.sanmiguel.cl/municipalidad-de-san-miguel-llama-a-concurso-publico-2/,https://web.sanmiguel.cl/wp-content/uploads/2026/02/BASES-CONCURSO-216-2026.pdf,True,True
648,Municipalidad de San Miguel,M.San Miguel,WordPress,Municipal,Metropolitana de Santiago,Concurso Público: Revisa día y hora para la Entrevista Personal,,2026-04-15T19:49:57.471953Z,https://web.sanmiguel.cl/concurso-publico-revisa-dia-y-hora-para-la-entrevista-personal/,https://web.sanmiguel.cl/CONCURSO_2026/HORARIOS_ENTREVISTAS_PRIMERA_SEMANA_v2.pdf,True,False
646,Municipalidad de San Miguel,M.San Miguel,WordPress,Municipal,Metropolitana de Santiago,RESOLUCIÓN CONCURSO PÚBLICO D.E. N° 579,,2026-04-15T19:49:57.471953Z,https://web.sanmiguel.cl/resolucion-concurso-publico-d-e-n-579/,https://web.sanmiguel.cl/CONCURSO_2026/DE-579-2026.pdf,True,False
622,Municipalidad de Renca,M.Renca,WordPress,Municipal,Metropolitana de Santiago,PROCESO DE SELECCIÓN TENS (OPERADOR AUTOCLAVE) – CESFAM BICENTENARIO,,2026-04-17T06:40:13.225612Z,https://renca.cl/proceso-de-seleccion-tens-operador-autoclave-cesfam-bicentenario/,https://renca.cl/proceso-de-seleccion-tens-operador-autoclave-cesfam-bicentenario/,True,True
621,Municipalidad de Renca,M.Renca,WordPress,Municipal,Metropolitana de Santiago,PROCESO DE SELECCIÓN CONDUCTOR DE AMBULANCIA – SAR RENCA,,2026-04-17T06:40:13.225612Z,https://renca.cl/proceso-de-seleccion-conductor-de-ambulancia-sar-renca/,https://renca.cl/proceso-de-seleccion-conductor-de-ambulancia-sar-renca/,True,True
592,Municipalidad de Peñalolén,M.Peñalolén,Sitio propio,Municipal,Metropolitana de Santiago,Concurso públicos,,2026-04-16T05:24:22.436549Z,https://www.penalolen.cl/concurso-publicos/,https://www.penalolen.cl/concurso-publicos/,True,True
585,Municipalidad de Lo Prado,M.Lo Prado,WordPress,Municipal,Metropolitana de Santiago,Profesional de Apoyo a la Implementación Programa Apoyo a la Crianza y Competencias Parentales,,2026-04-17T06:38:56.434092Z,https://loprado.cl/wp-content/uploads/2026/04/AVISO-CONCURSO-ABRIL-2026.docx,https://loprado.cl/wp-content/uploads/2026/04/AVISO-CONCURSO-ABRIL-2026.docx,True,True
583,Municipalidad de Lo Espejo,M.Lo Espejo,WordPress,Municipal,Metropolitana de Santiago,Oferta Laboral: médico para Dirección de Tránsito,,2026-04-15T19:47:05.401962Z,https://www.loespejo.cl/oferta-laboral-medico-para-direccion-de-transito/,https://www.loespejo.cl/oferta-laboral-medico-para-direccion-de-transito/,True,True
564,Municipalidad de Independencia,M.Independencia,WordPress,Municipal,Metropolitana de Santiago,Concurso público para cargo de Prevencionista de Riesgo Proyecto de Seguridad Independencia,,2026-04-17T06:35:33.971791Z,https://www.independencia.cl/concurso-publico/concurso-publico-para-cargo-de-prevencionista-de-riesgo-proyecto-de-seguridad-independencia/,https://www.independencia.cl/wp-content/uploads/2025/10/Concurso-Prevencionista.pdf,True,True
563,Municipalidad de Independencia,M.Independencia,WordPress,Municipal,Metropolitana de Santiago,Concurso público para proveer cargo de Constructor Civil o Ingeniero en Transito,,2026-04-17T06:35:33.971791Z,https://www.independencia.cl/concurso-publico/concurso-publico-para-proveer-cargo-de-constructor-civil-o-ingeniero-en-transito/,https://www.independencia.cl/wp-content/uploads/2025/10/E4224.pdf,False,True
561,Municipalidad de Independencia,M.Independencia,WordPress,Municipal,Metropolitana de Santiago,Concurso público para proveer cargo de Gestor de Redes,,2026-04-17T06:35:33.971791Z,https://www.independencia.cl/concurso-publico/concurso-publico-para-proveer-cargo-de-gestor-de-redes/,https://www.independencia.cl/wp-content/uploads/2025/11/GESTOR-DE-REDES-Centro-Dia-Calle.pdf,False,False
560,Municipalidad de Independencia,M.Independencia,WordPress,Municipal,Metropolitana de Santiago,Concurso Público para Proveer el Cargo de Director de Administración y Finanzas,,2026-04-17T06:35:33.971791Z,https://www.independencia.cl/concurso-publico/concurso-publico-para-proveer-el-cargo-de-director-de-administracion-y-finanzas/,https://www.independencia.cl/wp-content/uploads/2025/12/E4808-LLAMADO-A-CONCURSO-PUBLICO-GRADO-4.pdf,False,True
558,Municipalidad de Independencia,M.Independencia,WordPress,Municipal,Metropolitana de Santiago,Concurso Público para Proveer Cargo de Abogado/a,,2026-04-17T06:35:33.971791Z,https://www.independencia.cl/concurso-publico/concurso-publico-para-proveer-cargo-de-abogado-a/,https://www.independencia.cl/wp-content/uploads/2025/12/Concurso-abogada-CAI-VG.pdf,True,True
557,Municipalidad de Independencia,M.Independencia,WordPress,Municipal,Metropolitana de Santiago,Concurso Público para Proveer Cargo de Coordinador/a,,2026-04-17T06:35:33.971791Z,https://www.independencia.cl/concurso-publico/concurso-publico-para-proveer-cargo-de-coordinador-a/,https://www.independencia.cl/wp-content/uploads/2025/12/Concurso-coordinadora-CAI-VG.pdf,True,False
554,Municipalidad de Independencia,M.Independencia,WordPress,Municipal,Metropolitana de Santiago,Concurso Público para Proveer Cargo de Psicóloga/o Programa Centro de Atención Inicial de las Violencias de Género,,2026-04-17T06:35:33.971791Z,https://www.independencia.cl/concurso-publico/concurso-publico-para-proveer-cargo-de-psicologa-o-programa-centro-de-atencion-inicial-de-las-violencias-de-genero/,https://www.independencia.cl/wp-content/uploads/2025/12/Concurso-psicologa-CAI-VG.pdf,False,True
553,Municipalidad de Independencia,M.Independencia,WordPress,Municipal,Metropolitana de Santiago,Concurso Público para Proveer Cargo de Encargado/a de Orientación e Información,,2026-04-17T06:35:33.971791Z,https://www.independencia.cl/concurso-publico/concurso-publico-para-proveer-cargo-de-encargado-a-de-orientacion-e-informacion/,https://www.independencia.cl/wp-content/uploads/2025/12/Concurso-encargada-orientacion-CAI-VG.pdf,True,False
552,Municipalidad de Independencia,M.Independencia,WordPress,Municipal,Metropolitana de Santiago,Concurso Público para Proveer Cargo de Trabajador/a Social,,2026-04-17T06:35:33.971791Z,https://www.independencia.cl/concurso-publico/concurso-publico-para-proveer-cargo-de-trabajador-a-social/,https://www.independencia.cl/wp-content/uploads/2025/12/Concurso-trabajadora-social-CAI-VG.pdf,False,True
551,Municipalidad de Independencia,M.Independencia,WordPress,Municipal,Metropolitana de Santiago,Concurso Público para Proveer Cargo de Coordinador/a Programa Centro Diurno Comunitario,,2026-04-17T06:35:33.971791Z,https://www.independencia.cl/concurso-publico/concurso-publico-para-proveer-cargo-de-coordinador-a-programa-centro-diurno-comunitario/,https://www.independencia.cl/wp-content/uploads/2025/12/Concurso-coordinador-CDC-1.pdf,False,False
548,Municipalidad de Independencia,M.Independencia,WordPress,Municipal,Metropolitana de Santiago,Concurso Público Para Proveer cargo de Monitora Programa 4 a 7 SERNAMEG,,2026-04-17T06:35:33.971791Z,https://www.independencia.cl/concurso-publico/concurso-para-proveer-cargo-de-monitora-programa-4-a-7-sernameg/,https://www.independencia.cl/wp-content/uploads/2026/01/CONCURSO-PUBLICO-PROGRAMA-4-A-7.pdf,True,False
546,Municipalidad de Independencia,M.Independencia,WordPress,Municipal,Metropolitana de Santiago,Concurso Público para Proveer el cargo de Profesional de Apoyo Programa «Acompañar para crecer»,,2026-04-17T06:35:33.971791Z,https://www.independencia.cl/concurso-publico/concurso-publico-para-proveer-el-cargo-de-profesional-de-apoyo-programa-acompanar-para-crecer/,https://www.independencia.cl/wp-content/uploads/2026/01/Perfil-de-cargo-profesional-de-apoyo-APC.pdf,True,False
545,Municipalidad de Independencia,M.Independencia,WordPress,Municipal,Metropolitana de Santiago,Concurso Público para proveer cargo de Gestor/a de redes y Laboral Programa Residencia Familiar,,2026-04-17T06:35:33.971791Z,https://www.independencia.cl/concurso-publico/concurso-publico-para-proveer-cargo-de-gestor-a-de-redes-y-laboral-programa-residencia-familiar/,https://www.independencia.cl/wp-content/uploads/2026/01/GESTOR-DE-REDES-Y-LABORAL-Residencia-Familiar.pdf,True,False
544,Municipalidad de Independencia,M.Independencia,WordPress,Municipal,Metropolitana de Santiago,Concurso para proveer cargo de Monitor/a Social Trato Directo,,2026-04-17T06:35:33.971791Z,https://www.independencia.cl/concurso-publico/concurso-para-proveer-cargo-de-monitor-a-social-trato-directo/,https://www.independencia.cl/wp-content/uploads/2026/01/Concurso-Monitor-Social.pdf,False,False
543,Municipalidad de Independencia,M.Independencia,WordPress,Municipal,Metropolitana de Santiago,Concurso Público para proveer cargo de Profesional Psicosocial Terapeuta Ocupacional,,2026-04-17T06:35:33.971791Z,https://www.independencia.cl/concurso-publico/concurso-publico-para-proveer-cargo-de-profesional-psicosocial-terapeuta-ocupacional/,https://www.independencia.cl/wp-content/uploads/2026/01/Concurso-Gestor-psicosocial.pdf,True,False
542,Municipalidad de Independencia,M.Independencia,WordPress,Municipal,Metropolitana de Santiago,Concurso Público para proveer el cargo de Coordinador/a Comunal,,2026-04-17T06:35:33.971791Z,https://www.independencia.cl/concurso-publico/concurso-publico-para-proveer-el-cargo-de-coordinador-a-comunal/,https://www.independencia.cl/wp-content/uploads/2026/01/FORMATO-CONCURSO-PUBLICO-CARGO-COORDINADOR-COMUNAL-2026.pdf,False,True
540,Municipalidad de Independencia,M.Independencia,WordPress,Municipal,Metropolitana de Santiago,CONCURSO PÚBLICO PARA EL CARGO DE ASISTENTE DE LA PERSONA MAYOR PROGRAMA CENTRO DIURNO COMUNITARIO,,2026-04-17T06:35:33.971791Z,https://www.independencia.cl/concurso-publico/concurso-publico-para-el-cargo-de-asistente-de-la-persona-mayor-programa-centro-diurno-comunitario/,https://www.independencia.cl/wp-content/uploads/2026/01/CONCURSO-PARA-EL-CARGO-ASISTENTE-DE-LA-PERSONA-MAYOR.pdf,False,True
539,Municipalidad de Independencia,M.Independencia,WordPress,Municipal,Metropolitana de Santiago,Concurso Público para el cargo de Jefe/a de Comunicaciones,,2026-04-17T06:35:33.971791Z,https://www.independencia.cl/concurso-publico/concurso-publico-para-el-cargo-de-jefe-a-de-comunicaciones/,https://www.independencia.cl/wp-content/uploads/2026/02/Perfil-de-cargo-Jefe-de-Comunicaciones-03022026.pdf,False,True
538,Municipalidad de Independencia,M.Independencia,WordPress,Municipal,Metropolitana de Santiago,Se declara desierto concurso público para jefatura DAF,,2026-04-17T06:35:33.971791Z,https://www.independencia.cl/concurso-publico/se-declara-desierto-concurso-publico-para-jefatura-daf/,https://www.independencia.cl/wp-content/uploads/2026/02/dafsdd.pdf,True,True
536,Municipalidad de Independencia,M.Independencia,WordPress,Municipal,Metropolitana de Santiago,Concurso Público Monitor Infanto Juvenil,,2026-04-17T06:35:33.971791Z,https://www.independencia.cl/concurso-publico/concurso-publico-monitor-infanto-juvenil/,https://www.independencia.cl/wp-content/uploads/2026/02/Concurso-publico-Monitor-Infanto-Juvenil.pdf,True,True
535,Municipalidad de Independencia,M.Independencia,WordPress,Municipal,Metropolitana de Santiago,Consurso Público para proveer el cargo de Trabajadora Social,,2026-04-17T06:35:33.971791Z,https://www.independencia.cl/concurso-publico/consurso-publico-para-proveer-el-cargo-de-trabajadora-social/,https://www.independencia.cl/wp-content/uploads/2026/02/CONCURSO-PARA-TRABAJADOR-SOCIAL.pdf,False,True
534,Municipalidad de Independencia,M.Independencia,WordPress,Municipal,Metropolitana de Santiago,Concurso Público para proveer cargo de Apoyo Profesional DAF,,2026-04-17T06:35:33.971791Z,https://www.independencia.cl/concurso-publico/concurso-publico-para-proveer-cargo-de-apoyo-profesional-daf/,https://www.independencia.cl/wp-content/uploads/2026/02/Perfil-de-cargo-Apoyo-profesional-DAF-1.pdf,True,True
533,Municipalidad de Independencia,M.Independencia,WordPress,Municipal,Metropolitana de Santiago,Concurso Público para proveer cargo de Abogado/a para el Programa Centro de Atención Inicial de las Violencias de Género,,2026-04-17T06:35:33.971791Z,https://www.independencia.cl/concurso-publico/concurso-publico-para-proveer-cargo-de-abogado-a-para-el-programa-centro-de-atencion-inicial-de-las-violencias-de-genero/,https://www.independencia.cl/wp-content/uploads/2026/02/Concurso-abogada-CAI-VG26.pdf,True,True
532,Municipalidad de Independencia,M.Independencia,WordPress,Municipal,Metropolitana de Santiago,Concurso Público para proveer el cargo de Director/a del CESFAM Dr. Agustín Cruz Melo,,2026-04-17T06:35:33.971791Z,https://www.independencia.cl/concurso-publico/concurso-publico-para-proveer-el-cargo-de-director-a-del-cesfam-dr-agustin-cruz-melo/,https://www.independencia.cl/wp-content/uploads/2026/02/BASES-CONCURSO-DIRECTOR-CRUZ-MELO-2026-.pdf,False,True
530,Municipalidad de Independencia,M.Independencia,WordPress,Municipal,Metropolitana de Santiago,Concurso Público para proveer el cargo de Monitor Social,,2026-04-17T06:35:33.971791Z,https://www.independencia.cl/concurso-publico/concurso-publico-para-proveer-el-cargo-de-monitor-social/,https://www.independencia.cl/wp-content/uploads/2026/03/Concurso-Monitor-Social.pdf,False,False
529,Municipalidad de Independencia,M.Independencia,WordPress,Municipal,Metropolitana de Santiago,Concurso Público para proveer cargo de Apoyo administrativo/o financiera/o de Oficina Local de la Niñez,,2026-04-17T06:35:33.971791Z,https://www.independencia.cl/concurso-publico/concurso-publico-para-proveer-cargo-de-apoyo-administrativo-o-financiera-o-de-oficina-local-de-la-ninez/,https://www.independencia.cl/wp-content/uploads/2026/03/perfil-de-cargo-_ApoyoAdministrativo-OLN-44-horas.pdf,True,True
527,Municipalidad de Independencia,M.Independencia,WordPress,Municipal,Metropolitana de Santiago,Concurso para Proveer cargo de monitor/a programa 4 a 7 SERNAMEG,,2026-04-17T06:35:33.971791Z,https://www.independencia.cl/concurso-publico/concurso-para-proveer-cargo-de-monitor-a-programa-4-a-7-sernameg/,https://www.independencia.cl/wp-content/uploads/2026/03/CONCURSO-PUBLICO-MARZO-2026.pdf,False,True
526,Municipalidad de Huechuraba,M.Huechuraba,Sitio propio,Municipal,Metropolitana de Santiago,Huechuraba Impulsa tu Empleo,,2026-04-16T05:19:51.941763Z,https://huechuraba.cl/laboral/huechuraba-trabaja,https://huechuraba.cl/laboral/huechuraba-trabaja,True,True
524,Municipalidad de El Bosque,M.El Bosque,Sitio propio,Municipal,Metropolitana de Santiago,BASES CONCURSO PÚBLICO PARA PROVEER CARGOS DIRECTIVOS DE ESTABLECIMIENTOS DE ATENCIÓN PRIMARIA,,2026-04-16T05:19:23.055731Z,https://drive.google.com/file/d/1JuyZfGQ2fB4Kt21-feR_l_lG9nAtXEnl/view,https://drive.google.com/file/d/1JuyZfGQ2fB4Kt21-feR_l_lG9nAtXEnl/view,True,True
523,Municipalidad de Conchalí,M.Conchalí,WordPress,Municipal,Metropolitana de Santiago,Concurso publico,,2026-04-15T19:42:49.469347Z,https://conchali.cl/concurso-publico/,https://conchali.cl/concurso-publico/,True,True
520,Municipalidad de Cerro Navia,M.Cerro Navia,WordPress,Municipal,Metropolitana de Santiago,Ofertas Prácticas Profesionales,,2026-04-17T06:34:03.758714Z,https://www.cerronavia.cl/ofertas-practicas-profesionales-19/,https://www.cerronavia.cl/ofertas-practicas-profesionales-19/,True,True
519,Municipalidad de Cerro Navia,M.Cerro Navia,WordPress,Municipal,Metropolitana de Santiago,Oferta laboral para proveer el cargo de Profesional de las Ciencias Sociales,,2026-04-17T06:34:03.758714Z,https://www.cerronavia.cl/oferta-laboral-para-proveer-el-cargo-de-profesional-de-las-ciencias-sociales-2/,https://www.cerronavia.cl/wp-content/uploads/2024/03/FORMULARIO-1-A.pdf,True,False
513,Municipalidad de Cerro Navia,M.Cerro Navia,WordPress,Municipal,Metropolitana de Santiago,Oferta laboral para proveer cargo de Jefe/a Depto. Control de Gestión,,2026-04-17T06:34:03.758714Z,https://www.cerronavia.cl/oferta-laboral-para-proveer-cargo-de-jefe-a-depto-control-de-gestion-2/,https://www.cerronavia.cl/wp-content/uploads/2024/03/FORMULARIO-1-A.pdf,True,True
511,Municipalidad de Cerro Navia,M.Cerro Navia,WordPress,Municipal,Metropolitana de Santiago,Ofertas Dirección de Servicios Traspasados,,2026-04-17T06:34:03.758714Z,https://www.cerronavia.cl/ofertas-direccion-de-servicios-traspasados-3/,https://www.cerronavia.cl/ofertas-direccion-de-servicios-traspasados-3/,True,True
492,Municipalidad de Cerro Navia,M.Cerro Navia,WordPress,Municipal,Metropolitana de Santiago,Oferta laboral para proveer cargo de Operadora,,2026-04-17T06:34:03.758714Z,https://www.cerronavia.cl/oferta-laboral-para-proveer-cargo-de-operadora/,https://www.cerronavia.cl/wp-content/uploads/2025/12/FORMULARIO-1-A-actualizado.pdf,True,False
481,Municipalidad de Cerro Navia,M.Cerro Navia,WordPress,Municipal,Metropolitana de Santiago,Concurso público para Cargos de Director/a de Centros de Salud Familiar,,2026-04-17T06:34:03.758714Z,https://www.cerronavia.cl/concurso-publico-para-cargos-de-director-a-de-centros-de-salud-familiar-2/,https://www.cerronavia.cl/wp-content/uploads/2026/03/BASES-CONCURSO-DE-DIRECTORES-CESFAM-LO-AMOR-Y-CESFAM-CERRO-NAVIA.pdf,True,False
479,Municipalidad de Cerro Navia,M.Cerro Navia,WordPress,Municipal,Metropolitana de Santiago,Oferta laboral para proveer el cargo de Profesional Asesor de Administración Municipal,,2026-04-17T06:34:03.758714Z,https://www.cerronavia.cl/oferta-laboral-para-proveer-el-cargo-de-profesional-asesor-de-administracion-municipal-2/,https://www.cerronavia.cl/wp-content/uploads/2025/12/FORMULARIO-1-A-actualizado.pdf,True,False
458,Municipalidad de Llaillay,M.Llaillay,WordPress,Municipal,Valparaíso,Concurso Público,,2026-04-17T06:32:01.682397Z,http://www.munillay.cl:81/concursopublico/mostrarconcurso.php,http://www.munillay.cl:81/concursopublico/mostrarconcurso.php,True,True
443,Municipalidad de El Quisco,M.El Quisco,WordPress,Municipal,Valparaíso,PDI abre proceso de selección para cargos técnicos en pasos fronterizos de la Región de Valparaíso,,2026-04-18T06:33:40.962797Z,https://www.elquisco.cl/pdi-abre-proceso-de-seleccion-para-cargos-tecnicos-en-pasos-fronterizos-de-la-region-de-valparaiso/,https://www.elquisco.cl/wp-content/uploads/2025/12/CARGOS-TECNICOS-VPO.pdf,True,False
420,Municipalidad de Zapallar,M.Zapallar,Sitio propio,Municipal,Valparaíso,ILUSTRE MUNICIPALIDAD DE ZAPALLAR CONCURSOS PÚBLICOS,,2026-04-16T05:12:55.393545Z,http://www.munizapallar.cl/concursos-publicos,http://www.munizapallar.cl/concursos-publicos,True,True
414,Municipalidad de Petorca,M.Petorca,WordPress,Municipal,Valparaíso,Revisa aquí los detalles del Concurso Público “Profesional Técnico Programa Procesal”. – Medico veterinario.,,2026-04-15T19:36:04.383434Z,https://munipetorca.cl/wp-content/uploads/concursos/BasesConcursoProdesal.pdf,https://munipetorca.cl/wp-content/uploads/concursos/BasesConcursoProdesal.pdf,True,True
410,Municipalidad de Papudo,M.Papudo,Sitio propio Joomla,Municipal,Valparaíso,"Programa Familia, Seguridad y Oportunidades Concurso Público PRODESAL",,2026-04-16T05:10:36.230728Z,https://www.munipapudo.cl/beneficios-y-tramites/concursos-publicos/concurso-publico-provesal,https://www.munipapudo.cl/beneficios-y-tramites/concursos-publicos/concurso-publico-provesal,True,True
409,Municipalidad de Papudo,M.Papudo,Sitio propio Joomla,Municipal,Valparaíso,Concurso Público Municipalidad de Papudo,,2026-04-16T05:10:36.230728Z,https://www.munipapudo.cl/beneficios-y-tramites/concursos-publicos/concurso-publico-municipalidad-de-papudo,https://www.munipapudo.cl/beneficios-y-tramites/concursos-publicos/concurso-publico-municipalidad-de-papudo,False,False
408,Municipalidad de Papudo,M.Papudo,Sitio propio Joomla,Municipal,Valparaíso,Bases para llamado a proveer - Encargado Comunal Programa JEFA DE HOGAR,,2026-04-16T05:10:36.230728Z,https://www.munipapudo.cl/beneficios-y-tramites/concursos-publicos/concurso-publico-programa-jefa-de-hogares,https://www.munipapudo.cl/beneficios-y-tramites/concursos-publicos/concurso-publico-programa-jefa-de-hogares,False,False
407,Municipalidad de Papudo,M.Papudo,Sitio propio Joomla,Municipal,Valparaíso,Concursos Públicos,,2026-04-16T05:10:36.230728Z,https://www.munipapudo.cl/beneficios-y-tramites/concursos-publicos,https://www.munipapudo.cl/beneficios-y-tramites/concursos-publicos,True,True
401,Municipalidad de Cabildo,M.Cabildo,WordPress,Municipal,Valparaíso,MODIFICACIÓN BASES DE LLAMADO A CONCURSO PÚBLICO DEL CARGO DE LA PLANTA MUNICIPAL,,2026-04-18T06:28:38.780220Z,https://municipiocabildo.cl/cabildo/modificacion-bases-de-llamado-aconcurso-publico-del-cago-de-la-planta-municipal/,https://municipiocabildo.cl/wp-content/uploads/2026/03/D.A-395_2026-MODIFICA-BASES-DE-LLAMADO-A-CONCURSO-PUBLICO-DEL-CARGO-DE-LA-PLANTA-MUNICIPAL-APROBADO-D.A-N°-4576_2025.pdf,True,False
271,Municipalidad de Valparaíso,M.Valparaíso,Sitio propio,Municipal,Valparaíso,BASES PARA PROFESIONAL SOCIAL,,2026-04-16T03:04:34.498208Z,https://municipalidaddevalparaiso.cl/wp-content/uploads/2026/01/Base-concurso-profesional-social-PPL-LagunaVerdde.pdf,https://municipalidaddevalparaiso.cl/wp-content/uploads/2026/01/Base-concurso-profesional-social-PPL-LagunaVerdde.pdf,True,True
265,Municipalidad de Punitaqui,M.Punitaqui,WordPress,Municipal,Coquimbo,Jefe de Gabinete,,2026-04-18T06:25:44.557578Z,https://www.munipunitaqui.cl/jefe-de-gabinete/,https://www.munipunitaqui.cl/jefe-de-gabinete/,True,True
260,Municipalidad de Ovalle,M.Ovalle,WordPress,Municipal,Coquimbo,Personal a Contrata,,2026-04-18T06:25:20.785993Z,https://www.portaltransparencia.cl/PortalPdT/directorio-de-organismos-regulados/?org=MU192,https://www.portaltransparencia.cl/PortalPdT/directorio-de-organismos-regulados/?org=MU192,True,True
250,Municipalidad de Freirina,M.Freirina,WordPress,Municipal,Atacama,Concurso Público Abogado/a para el Centro de Las Mujeres de la comuna de Freirina,,2026-04-16T03:31:01.396711Z,https://imfreirina.cl/concurso-publico-abogado-a-para-el-centro-de-las-mujeres-de-la-comuna-de-freirina/,https://imfreirina.cl/wp-content/uploads/2026/03/BASE-CONCURSO-ABOGADA.pdf,True,True
249,Municipalidad de Freirina,M.Freirina,WordPress,Municipal,Atacama,Concurso público Encargado /a de Orientación e Información para el centro de Las Mujeres de la comuna de Freirina,,2026-04-16T03:31:01.396711Z,https://imfreirina.cl/concurso-publico-encargado-a-de-orientacion-e-informacion-para-el-centro-de-las-mujeres-de-la-comuna-de-freirina/,https://imfreirina.cl/wp-content/uploads/2026/03/BASE-CONCURSO-ENCARGADA-DE-ORIENTACION.pdf,False,False
248,Municipalidad de Vallenar,M.Vallenar,WordPress,Municipal,Atacama,¡LLAMADO PÚBLICO A CONCURSO!,,2026-04-18T06:22:08.125832Z,https://www.vallenar.cl/llamado-publico-a-concurso/,https://www.vallenar.cl/llamado-publico-a-concurso/,False,False
246,Municipalidad de Vallenar,M.Vallenar,WordPress,Municipal,Atacama,SE REQUIERE CONTRATAR,,2026-04-18T06:22:08.125832Z,https://www.vallenar.cl/se-requiere-contratar/,https://www.vallenar.cl/se-requiere-contratar/,False,False
188,Municipalidad de Huara,M.Huara,Sitio propio,Municipal,Tarapacá,"Concursos Ver Màs Gestor(a) de Casos de la Oficina Local de la Niñez Marzo 24, 2026 No hay comentarios Objetivo del cargo Realizar acciones para la atención personalizada de niñ...",,2026-04-16T05:53:27.781243Z,https://imhuara.cl/2026/03/24/gestora-de-casos-de-la-oficina-local-de-la-ninez/,https://imhuara.cl/2026/03/24/gestora-de-casos-de-la-oficina-local-de-la-ninez/,False,False
185,Municipalidad de Colchane,M.Colchane,Sitio propio,Municipal,Tarapacá,Concursos Públicos,,2026-04-16T05:53:19.477417Z,https://imcolchane.cl/web/concursos-publicos/,https://imcolchane.cl/web/concursos-publicos/,True,True
182,Municipalidad de Putre,M.Putre,WordPress,Municipal,Arica y Parinacota,Rondas Médicas Complementarias 2026,,2026-04-16T03:26:27.263698Z,https://imputre.cl/rondas-medicas-complementarias-2026/,https://imputre.cl/rondas-medicas-complementarias-2026/,True,True
